lambda,k,defect_D,selection_probability,ensemble_mean_defect,selection_entropy
0.0,2,1.3862943611198906,0.02857142857142857,3.54475759006529,3.5553480614894135
0.0,3,1.5040773967762742,0.02857142857142857,3.54475759006529,3.5553480614894135
0.0,4,1.6739764335716716,0.02857142857142857,3.54475759006529,3.5553480614894135
0.0,5,1.6094379124341003,0.02857142857142857,3.54475759006529,3.5553480614894135
0.0,6,1.5040773967762742,0.02857142857142857,3.54475759006529,3.5553480614894135
0.0,7,1.3268709406490897,0.02857142857142857,3.54475759006529,3.5553480614894135
0.0,8,1.114360645636249,0.02857142857142857,3.54475759006529,3.5553480614894135
0.0,9,0.8680886300562775,0.02857142857142857,3.54475759006529,3.5553480614894135
0.0,10,0.5978370007556204,0.02857142857142857,3.54475759006529,3.5553480614894135
0.0,11,0.30715417586460125,0.02857142857142857,3.54475759006529,3.5553480614894135
0.0,12,0.0,0.02857142857142857,3.54475759006529,3.5553480614894135
0.0,13,0.32113973864262707,0.02857142857142857,3.54475759006529,3.5553480614894135
0.0,14,0.6541305282174936,0.02857142857142857,3.54475759006529,3.5553480614894135
0.0,15,0.9973585549629369,0.02857142857142857,3.54475759006529,3.5553480614894135
0.0,16,1.3494925949539192,0.02857142857142857,3.54475759006529,3.5553480614894135
0.0,17,1.7094554601025802,0.02857142857142857,3.54475759006529,3.5553480614894135
0.0,18,2.076350349110163,0.02857142857142857,3.54475759006529,3.5553480614894135
0.0,19,2.449427773023684,0.02857142857142857,3.54475759006529,3.5553480614894135
0.0,20,2.8280529934969065,0.02857142857142857,3.54475759006529,3.5553480614894135
0.0,21,3.2116844962570177,0.02857142857142857,3.54475759006529,3.5553480614894135
0.0,22,3.5998562877400007,0.02857142857142857,3.54475759006529,3.5553480614894135
0.0,23,3.992164588539069,0.02857142857142857,3.54475759006529,3.5553480614894135
0.0,24,4.388257184424518,0.02857142857142857,3.54475759006529,3.5553480614894135
0.0,25,4.787825020572167,0.02857142857142857,3.54475759006529,3.5553480614894135
0.0,26,5.190595419276104,0.02857142857142857,3.54475759006529,3.5553480614894135
0.0,27,5.596326588388768,0.02857142857142857,3.54475759006529,3.5553480614894135
0.0,28,6.004803125099459,0.02857142857142857,3.54475759006529,3.5553480614894135
0.0,29,6.415832310539258,0.02857142857142857,3.54475759006529,3.5553480614894135
0.0,30,6.829241032246454,0.02857142857142857,3.54475759006529,3.5553480614894135
0.0,31,7.244873211660474,0.02857142857142857,3.54475759006529,3.5553480614894135
0.0,32,7.662587640090765,0.02857142857142857,3.54475759006529,3.5553480614894135
0.0,33,8.082256147816919,0.02857142857142857,3.54475759006529,3.5553480614894135
0.0,34,8.503762046577139,0.02857142857142857,3.54475759006529,3.5553480614894135
0.0,35,8.926998797890246,0.02857142857142857,3.54475759006529,3.5553480614894135
0.0,36,9.351868869016453,0.02857142857142857,3.54475759006529,3.5553480614894135
0.25,2,1.3862943611198906,0.03978736784985046,2.047783074854345,3.389577986211725
0.25,3,1.5040773967762742,0.03863287941798979,2.047783074854345,3.389577986211725
0.25,4,1.6739764335716716,0.03702631785195348,2.047783074854345,3.389577986211725
0.25,5,1.6094379124341003,0.03762856928831879,2.047783074854345,3.389577986211725
0.25,6,1.5040773967762742,0.03863287941798979,2.047783074854345,3.389577986211725
0.25,7,1.3268709406490897,0.04038285550954773,2.047783074854345,3.389577986211725
0.25,8,1.114360645636249,0.042586312553033696,2.047783074854345,3.389577986211725
0.25,9,0.8680886300562775,0.0452906633403956,2.047783074854345,3.389577986211725
0.25,10,0.5978370007556204,0.04845637028358137,2.047783074854345,3.389577986211725
0.25,11,0.30715417586460125,0.05210883528139196,2.047783074854345,3.389577986211725
0.25,12,0.0,0.05626783522438576,2.047783074854345,3.389577986211725
0.25,13,0.32113973864262707,0.05192696057241354,2.047783074854345,3.389577986211725
0.25,14,0.6541305282174936,0.04777920148494974,2.047783074854345,3.389577986211725
0.25,15,0.9973585549629369,0.043850381668775446,2.047783074854345,3.389577986211725
0.25,16,1.3494925949539192,0.040155118341179415,2.047783074854345,3.389577986211725
0.25,17,1.7094554601025802,0.036699355604957684,2.047783074854345,3.389577986211725
0.25,18,2.076350349110163,0.0334829205404074,2.047783074854345,3.389577986211725
0.25,19,2.449427773023684,0.03050120277946413,2.047783074854345,3.389577986211725
0.25,20,2.8280529934969065,0.02774650296882082,2.047783074854345,3.389577986211725
0.25,21,3.2116844962570177,0.025209021775683606,2.047783074854345,3.389577986211725
0.25,22,3.5998562877400007,0.02287761655524792,2.047783074854345,3.389577986211725
0.25,23,3.992164588539069,0.020740367340755496,2.047783074854345,3.389577986211725
0.25,24,4.388257184424518,0.01878500162212121,2.047783074854345,3.389577986211725
0.25,25,4.787825020572167,0.01699920887724926,2.047783074854345,3.389577986211725
0.25,26,5.190595419276104,0.01537087072155195,2.047783074854345,3.389577986211725
0.25,27,5.596326588388768,0.013888225771673987,2.047783074854345,3.389577986211725
0.25,28,6.004803125099459,0.012539984262364546,2.047783074854345,3.389577986211725
0.25,29,6.415832310539258,0.011315404006613518,2.047783074854345,3.389577986211725
0.25,30,6.829241032246454,0.010204336769626537,2.047783074854345,3.389577986211725
0.25,31,7.244873211660474,0.009197252135976691,2.047783074854345,3.389577986211725
0.25,32,7.662587640090765,0.008285244415933533,2.047783074854345,3.389577986211725
0.25,33,8.082256147816919,0.0074600269329918025,2.047783074854345,3.389577986211725
0.25,34,8.503762046577139,0.006713917091218392,2.047783074854345,3.389577986211725
0.25,35,8.926998797890246,0.006039814877227887,2.047783074854345,3.389577986211725
0.25,36,9.351868869016453,0.0054311768643570445,2.047783074854345,3.389577986211725
0.5,2,1.3862943611198906,0.042632610887025364,1.3716171622235946,3.147797205334953
0.5,3,1.5040773967762742,0.040194411010537424,1.3716171622235946,3.147797205334953
0.5,4,1.6739764335716716,0.03692092405782099,1.3716171622235946,3.147797205334953
0.5,5,1.6094379124341003,0.038131766400674526,1.3716171622235946,3.147797205334953
0.5,6,1.5040773967762742,0.040194411010537424,1.3716171622235946,3.147797205334953
0.5,7,1.3268709406490897,0.043918304160021224,1.3716171622235946,3.147797205334953
0.5,8,1.114360645636249,0.04884179161584804,1.3716171622235946,3.147797205334953
0.5,9,0.8680886300562775,0.05524193405197842,1.3716171622235946,3.147797205334953
0.5,10,0.5978370007556204,0.06323438087225912,1.3716171622235946,3.147797205334953
0.5,11,0.30715417586460125,0.07312640849427422,1.3716171622235946,3.147797205334953
0.5,12,0.0,0.08526522177405073,1.3716171622235946,3.147797205334953
0.5,13,0.32113973864262707,0.07261683524952767,1.3716171622235946,3.147797205334953
0.5,14,0.6541305282174936,0.06147935274072775,1.3716171622235946,3.147797205334953
0.5,15,0.9973585549629369,0.051784318785061643,1.3716171622235946,3.147797205334953
0.5,16,1.3494925949539192,0.04342435059070544,1.3716171622235946,3.147797205334953
0.5,17,1.7094554601025802,0.03627173996487914,1.3716171622235946,3.147797205334953
0.5,18,2.076350349110163,0.030192437532884364,1.3716171622235946,3.147797205334953
0.5,19,2.449427773023684,0.02505448286601413,1.3716171622235946,3.147797205334953
0.5,20,2.8280529934969065,0.020733280399822234,1.3716171622235946,3.147797205334953
0.5,21,3.2116844962570177,0.017114471747658462,1.3716171622235946,3.147797205334953
0.5,22,3.5998562877400007,0.014095259157603828,1.3716171622235946,3.147797205334953
0.5,23,3.992164588539069,0.011584689556339735,1.3716171622235946,3.147797205334953
0.5,24,4.388257184424518,0.009503290077016809,1.3716171622235946,3.147797205334953
0.5,25,4.787825020572167,0.007782317277911449,1.3716171622235946,3.147797205334953
0.5,26,5.190595419276104,0.006362802628338725,1.3716171622235946,3.147797205334953
0.5,27,5.596326588388768,0.005194515516182447,1.3716171622235946,3.147797205334953
0.5,28,6.004803125099459,0.004234922771689836,1.3716171622235946,3.147797205334953
0.5,29,6.415832310539258,0.003448193599214827,1.3716171622235946,3.147797205334953
0.5,30,6.829241032246454,0.002804278084963946,1.3716171622235946,3.147797205334953
0.5,31,7.244873211660474,0.0022780733161125457,1.3716171622235946,3.147797205334953
0.5,32,7.662587640090765,0.001848681781774902,1.3716171622235946,3.147797205334953
0.5,33,8.082256147816919,0.0014987607213328873,1.3716171622235946,3.147797205334953
0.5,34,8.503762046577139,0.0012139574364895584,1.3716171622235946,3.147797205334953
0.5,35,8.926998797890246,0.000982423555683224,1.3716171622235946,3.147797205334953
0.5,36,9.351868869016453,0.0007944003070371922,1.3716171622235946,3.147797205334953
1.0,2,1.3862943611198906,0.036607850034930674,0.881537210937977,2.802735429562135
1.0,3,1.5040773967762742,0.0325403111421606,0.881537210937977,2.802735429562135
1.0,4,1.6739764335716716,0.027455887526198007,0.881537210937977,2.802735429562135
1.0,5,1.6094379124341003,0.029286280027944544,0.881537210937977,2.802735429562135
1.0,6,1.5040773967762742,0.0325403111421606,0.881537210937977,2.802735429562135
1.0,7,1.3268709406490897,0.0388491469758448,0.881537210937977,2.802735429562135
1.0,8,1.114360645636249,0.04804780317084651,0.881537210937977,2.802735429562135
1.0,9,0.8680886300562775,0.061465032157414466,0.881537210937977,2.802735429562135
1.0,10,0.5978370007556204,0.0805372700768475,0.881537210937977,2.802735429562135
1.0,11,0.30715417586460125,0.10770574059863902,0.881537210937977,2.802735429562135
1.0,12,0.0,0.1464314001397227,0.881537210937977,2.802735429562135
1.0,13,0.32113973864262707,0.1062098996721594,0.881537210937977,2.802735429562135
1.0,14,0.6541305282174936,0.07612879158457732,0.881537210937977,2.802735429562135
1.0,15,0.9973585549629369,0.05401158201875018,0.881537210937977,2.802735429562135
1.0,16,1.3494925949539192,0.03798018078598683,0.881537210937977,2.802735429562135
1.0,17,1.7094554601025802,0.026498857007125776,0.881537210937977,2.802735429562135
1.0,18,2.076350349110163,0.018360593515971423,0.881537210937977,2.802735429562135
1.0,19,2.449427773023684,0.012643323475350368,0.881537210937977,2.802735429562135
1.0,20,2.8280529934969065,0.008658175913656922,0.881537210937977,2.802735429562135
1.0,21,3.2116844962570177,0.005899529276595807,0.881537210937977,2.802735429562135
1.0,22,3.5998562877400007,0.004001625976377719,0.881537210937977,2.802735429562135
1.0,23,3.992164588539069,0.002703081644062997,0.881537210937977,2.802735429562135
1.0,24,4.388257184424518,0.0018190236042201578,0.881537210937977,2.802735429562135
1.0,25,4.787825020572167,0.001219855049481195,0.881537210937977,2.802735429562135
1.0,26,5.190595419276104,0.0008154310915328934,0.881537210937977,2.802735429562135
1.0,27,5.596326588388768,0.0005434761106510498,0.881537210937977,2.802735429562135
1.0,28,6.004803125099459,0.0003612279553242102,0.881537210937977,2.802735429562135
1.0,29,6.415832310539258,0.00023948242420693266,0.881537210937977,2.802735429562135
1.0,30,6.829241032246454,0.00015839173612536704,0.881537210937977,2.802735429562135
1.0,31,7.244873211660474,0.00010452634320055917,0.881537210937977,2.802735429562135
1.0,32,7.662587640090765,6.883585099408581e-05,0.881537210937977,2.802735429562135
1.0,33,8.082256147816919,4.5243372327739115e-05,0.881537210937977,2.802735429562135
1.0,34,8.503762046577139,2.9682281721787468e-05,0.881537210937977,2.802735429562135
1.0,35,8.926998797890246,1.9439625636202392e-05,0.881537210937977,2.802735429562135
1.0,36,9.351868869016453,1.2710691253701227e-05,0.881537210937977,2.802735429562135
2.0,2,1.3862943611198906,0.017876033758625343,0.5066356589559883,2.2649769550961354
2.0,3,1.5040773967762742,0.014124273587061998,0.5066356589559883,2.2649769550961354
2.0,4,1.6739764335716716,0.010055268989226755,0.5066356589559883,2.2649769550961354
2.0,5,1.6094379124341003,0.011440661605520222,0.5066356589559883,2.2649769550961354
2.0,6,1.5040773967762742,0.014124273587061998,0.5066356589559883,2.2649769550961354
2.0,7,1.3268709406490897,0.02013194305844354,0.5066356589559883,2.2649769550961354
2.0,8,1.114360645636249,0.030794261279506935,0.5066356589559883,2.2649769550961354
2.0,9,0.8680886300562775,0.0503940131686533,0.5066356589559883,2.2649769550961354
2.0,10,0.5978370007556204,0.08652000339174667,0.5066356589559883,2.2649769550961354
2.0,11,0.30715417586460125,0.1547392264485446,0.5066356589559883,2.2649769550961354
2.0,12,0.0,0.2860165401380055,0.5066356589559883,2.2649769550961354
2.0,13,0.32113973864262707,0.15047096838920546,0.5066356589559883,2.2649769550961354
2.0,14,0.6541305282174936,0.07730731522730488,0.5066356589559883,2.2649769550961354
2.0,15,0.9973585549629369,0.03891316136653191,0.5066356589559883,2.2649769550961354
2.0,16,1.3494925949539192,0.0192414046992712,0.5066356589559883,2.2649769550961354
2.0,17,1.7094554601025802,0.009366492766009829,0.5066356589559883,2.2649769550961354
2.0,18,2.076350349110163,0.0044967231542654825,0.5066356589559883,2.2649769550961354
2.0,19,2.449427773023684,0.0021322848317258617,0.5066356589559883,2.2649769550961354
2.0,20,2.8280529934969065,0.0009999436563915259,0.5066356589559883,2.2649769550961354
2.0,21,3.2116844962570177,0.0004642559090270482,0.5066356589559883,2.2649769550961354
2.0,22,3.5998562877400007,0.00021359727409991995,0.5066356589559883,2.2649769550961354
2.0,23,3.992164588539069,9.746328507005719e-05,0.5066356589559883,2.2649769550961354
2.0,24,4.388257184424518,4.41366521566306e-05,0.5066356589559883,2.2649769550961354
2.0,25,4.787825020572167,1.984902484312996e-05,0.5066356589559883,2.2649769550961354
2.0,26,5.190595419276104,8.869461482337915e-06,0.5066356589559883,2.2649769550961354
2.0,27,5.596326588388768,3.9398858231837715e-06,0.5066356589559883,2.2649769550961354
2.0,28,6.004803125099459,1.7405456753430705e-06,0.5066356589559883,2.2649769550961354
2.0,29,6.415832310539258,7.650151049648801e-07,0.5066356589559883,2.2649769550961354
2.0,30,6.829241032246454,3.34647632601473e-07,0.5066356589559883,2.2649769550961354
2.0,31,7.244873211660474,1.4573847909432267e-07,0.5066356589559883,2.2649769550961354
2.0,32,7.662587640090765,6.320509529002836e-08,0.5066356589559883,2.2649769550961354
2.0,33,8.082256147816919,2.7304401167622612e-08,0.5066356589559883,2.2649769550961354
2.0,34,8.503762046577139,1.1752148872181093e-08,0.5066356589559883,2.2649769550961354
2.0,35,8.926998797890246,5.040788932109323e-09,0.5066356589559883,2.2649769550961354
2.0,36,9.351868869016453,2.155068396849573e-09,0.5066356589559883,2.2649769550961354
4.0,2,1.3862943611198906,0.002149043664917174,0.2047746938395442,1.4166536736924336
4.0,3,1.5040773967762742,0.0013416373802013018,0.2047746938395442,1.4166536736924336
4.0,4,1.6739764335716716,0.0006799708471026994,0.2047746938395442,1.4166536736924336
4.0,5,1.6094379124341003,0.0008802482851500747,0.2047746938395442,1.4166536736924336
4.0,6,1.5040773967762742,0.0013416373802013018,0.2047746938395442,1.4166536736924336
4.0,7,1.3268709406490897,0.0027256764015110074,0.2047746938395442,1.4166536736924336
4.0,8,1.114360645636249,0.006377382827709301,0.2047746938395442,1.4166536736924336
4.0,9,0.8680886300562775,0.01707893547200014,0.2047746938395442,1.4166536736924336
4.0,10,0.5978370007556204,0.050342637276883755,0.2047746938395442,1.4166536736924336
4.0,11,0.30715417586460125,0.16102887185346745,0.2047746938395442,1.4166536736924336
4.0,12,0.0,0.5501551782187964,0.2047746938395442,1.4166536736924336
4.0,13,0.32113973864262707,0.152267893393342,0.2047746938395442,1.4166536736924336
4.0,14,0.6541305282174936,0.040192413856428584,0.2047746938395442,1.4166536736924336
4.0,15,0.9973585549629369,0.010183473496136183,0.2047746938395442,1.4166536736924336
4.0,16,1.3494925949539192,0.002489868756444343,0.2047746938395442,1.4166536736924336
4.0,17,1.7094554601025802,0.0005900066566063104,0.2047746938395442,1.4166536736924336
4.0,18,2.076350349110163,0.00013598631602212044,0.2047746938395442,1.4166536736924336
4.0,19,2.449427773023684,3.057689222183989e-05,0.2047746938395442,1.4166536736924336
4.0,20,2.8280529934969065,6.724406613219498e-06,0.2047746938395442,1.4166536736924336
4.0,21,3.2116844962570177,1.4494985580705474e-06,0.2047746938395442,1.4166536736924336
4.0,22,3.5998562877400007,3.0682752676600363e-07,0.2047746938395442,1.4166536736924336
4.0,23,3.992164588539069,6.388295522800275e-08,0.2047746938395442,1.4166536736924336
4.0,24,4.388257184424518,1.3100916648330296e-08,0.2047746938395442,1.4166536736924336
4.0,25,4.787825020572167,2.6496057525917097e-09,0.2047746938395442,1.4166536736924336
4.0,26,5.190595419276104,5.290508439093345e-10,0.2047746938395442,1.4166536736924336
4.0,27,5.596326588388768,1.0439271194326469e-10,0.2047746938395442,1.4166536736924336
4.0,28,6.004803125099459,2.0373880588918262e-11,0.2047746938395442,1.4166536736924336
4.0,29,6.415832310539258,3.935889778772492e-12,0.2047746938395442,1.4166536736924336
4.0,30,6.829241032246454,7.53144695162815e-13,0.2047746938395442,1.4166536736924336
4.0,31,7.244873211660474,1.4284050382731985e-13,0.2047746938395442,1.4166536736924336
4.0,32,7.662587640090765,2.6866252261440393e-14,0.2047746938395442,1.4166536736924336
4.0,33,8.082256147816919,5.0138140119908555e-15,0.2047746938395442,1.4166536736924336
4.0,34,8.503762046577139,9.288326561291194e-16,0.2047746938395442,1.4166536736924336
4.0,35,8.926998797890246,1.7088342245748942e-16,0.2047746938395442,1.4166536736924336
4.0,36,9.351868869016453,3.123381429652807e-17,0.2047746938395442,1.4166536736924336
8.0,2,1.3862943611198906,1.2958592505492739e-05,0.05167540234249889,0.5767998056899811
8.0,3,1.5040773967762742,5.050538123928942e-06,0.05167540234249889,0.5767998056899811
8.0,4,1.6739764335716716,1.2973224705282257e-06,0.05167540234249889,0.5767998056899811
8.0,5,1.6094379124341003,2.174091055206329e-06,0.05167540234249889,0.5767998056899811
8.0,6,1.5040773967762742,5.050538123928942e-06,0.05167540234249889,0.5767998056899811
8.0,7,1.3268709406490897,2.0845674023316206e-05,0.05167540234249889,0.5767998056899811
8.0,8,1.114360645636249,0.00011411752129247412,0.05167540234249889,0.5767998056899811
8.0,9,0.8680886300562775,0.0008184439622950958,0.05167540234249889,0.5767998056899811
8.0,10,0.5978370007556204,0.0071111408353597685,0.05167540234249889,0.5767998056899811
8.0,11,0.30715417586460125,0.0727570119147822,0.05167540234249889,0.5767998056899811
8.0,12,0.0,0.8492543184399718,0.05167540234249889,0.5767998056899811
8.0,13,0.32113973864262707,0.06505550202718845,0.05167540234249889,0.5767998056899811
8.0,14,0.6541305282174936,0.004532684941762985,0.05167540234249889,0.5767998056899811
8.0,15,0.9973585549629369,0.0002909773797437492,0.05167540234249889,0.5767998056899811
8.0,16,1.3494925949539192,1.7394833057142247e-05,0.05167540234249889,0.5767998056899811
8.0,17,1.7094554601025802,9.767449553342828e-07,0.05167540234249889,0.5767998056899811
8.0,18,2.076350349110163,5.1886905566504575e-08,0.05167540234249889,0.5767998056899811
8.0,19,2.449427773023684,2.6233367228021955e-09,0.05167540234249889,0.5767998056899811
8.0,20,2.8280529934969065,1.2687477558461886e-10,0.05167540234249889,0.5767998056899811
8.0,21,3.2116844962570177,5.895259532693435e-12,0.05167540234249889,0.5767998056899811
8.0,22,3.5998562877400007,2.641532708392314e-13,0.05167540234249889,0.5767998056899811
8.0,23,3.992164588539069,1.1450840113287439e-14,0.05167540234249889,0.5767998056899811
8.0,24,4.388257184424518,4.815825266900705e-16,0.05167540234249889,0.5767998056899811
8.0,25,4.787825020572167,1.969835091547081e-17,0.05167540234249889,0.5767998056899811
8.0,26,5.190595419276104,7.853480628793609e-19,0.05167540234249889,0.5767998056899811
8.0,27,5.596326588388768,3.0577904067069486e-20,0.05167540234249889,0.5767998056899811
8.0,28,6.004803125099459,1.1647021220886303e-21,0.05167540234249889,0.5767998056899811
8.0,29,6.415832310539258,4.346635369773509e-23,0.05167540234249889,0.5767998056899811
8.0,30,6.829241032246454,1.5915643284496235e-24,0.05167540234249889,0.5767998056899811
8.0,31,7.244873211660474,5.724928942720531e-26,0.05167540234249889,0.5767998056899811
8.0,32,7.662587640090765,2.025263474913378e-27,0.05167540234249889,0.5767998056899811
8.0,33,8.082256147816919,7.053485750601156e-29,0.05167540234249889,0.5767998056899811
8.0,34,8.503762046577139,2.4207074453919377e-30,0.05167540234249889,0.5767998056899811
8.0,35,8.926998797890246,8.193457793205537e-32,0.05167540234249889,0.5767998056899811
8.0,36,9.351868869016453,2.7372685119488418e-33,0.05167540234249889,0.5767998056899811
