ID,Condition,Statement,Entry16_assessment,Reason_or_countermodel
M1,Sector resolution,Simple-spectrum resolver D,Necessary in countermodel sense,D=I with transitive X gives dimension k
M2,Transitive traversal,One k-cycle S,Necessary in countermodel sense,"X^r with d=gcd(k,r)>1 gives dimension k^2/d"
M3,Operator composition,Complex-linear closure under ordinary multiplication,Necessary in countermodel sense,Unmixed linear union span has dimension 2k-1
R1,Explicit unit,I in algebra,Redundant,Follows from S^k=I
R2,Explicit associativity assumption,Associative closure,Redundant in matrix realization,Inherited from multiplication in M_k(C)
E1,Root-of-unity phase spectrum,Z with omega_k^m,Stronger than algebraic minimum,"Needed for EDF phase/Weyl interpretation, not merely k^2"
E2,Homogeneous phase update,phi_{n+1}=phi_n+Delta phi,EDF realization assumption,Derives U_r; not required if a transitive S is given directly
E3,Primitive recurrence,"gcd(k,r)=1",Essential for full irreducible closure,Otherwise direct sum of d matrix blocks
FC,Fibonacci Compatibility Condition,F_k=C(k),Separate compatibility branch,Selects k=12 after C(k)=k^2; not needed for operator theorem
