beta,noise_strength,k,mean_terminal_occupancy,argmax_frequency,mean_residence
0.0,0.0,4,0.0920974242784595,0.286,1.1173590525523478
0.0,0.0,6,0.09174486868910511,0.017333333333333333,1.1070795904884232
0.0,0.0,8,0.09120824781498532,0.03866666666666667,1.0873011741013514
0.0,0.0,10,0.09070394994052416,0.059333333333333335,1.0801833795782916
0.0,0.0,12,0.09036698413880295,0.06866666666666667,1.084418643144578
0.0,0.0,14,0.09022278345842141,0.076,1.0778437997031358
0.0,0.0,16,0.09024590817293214,0.06333333333333334,1.0829473412746868
0.0,0.0,18,0.09041347401638224,0.052,1.0828280263111074
0.0,0.0,20,0.09070095584433094,0.03666666666666667,1.082576659019393
0.0,0.0,22,0.09103237189181602,0.017333333333333333,1.0894716595587122
0.0,0.0,24,0.09126303175424011,0.2846666666666667,1.107990674267976
0.0,0.03,4,0.09220088372850094,0.25333333333333335,1.1030667720170708
0.0,0.03,6,0.09226378006378774,0.06533333333333333,1.101751606248642
0.0,0.03,8,0.09215838133436398,0.046,1.1070215037379105
0.0,0.03,10,0.09197399750629708,0.062,1.1072344013881577
0.0,0.03,12,0.0915746484273363,0.064,1.1015384126634347
0.0,0.03,14,0.09120100277348786,0.07866666666666666,1.0942865512209716
0.0,0.03,16,0.09058024681041707,0.06,1.0904845513112704
0.0,0.03,18,0.09030740553984322,0.05333333333333334,1.084332435914665
0.0,0.03,20,0.08974142256259629,0.042,1.0798909728884039
0.0,0.03,22,0.08909435928625976,0.052,1.0722246773184134
0.0,0.03,24,0.08890387196710994,0.22333333333333333,1.0581681152910647
0.0,0.06,4,0.09192318036965097,0.21866666666666668,1.1076278079243724
0.0,0.06,6,0.09163468194608944,0.07,1.1000614829343007
0.0,0.06,8,0.0912111257546233,0.06466666666666666,1.098265386154047
0.0,0.06,10,0.09085245698120416,0.062,1.0924725773819448
0.0,0.06,12,0.09027867288388412,0.048,1.086136638104659
0.0,0.06,14,0.09005633475858474,0.06866666666666667,1.073630030857918
0.0,0.06,16,0.08992996283852911,0.059333333333333335,1.0755748330362522
0.0,0.06,18,0.09056088577022123,0.059333333333333335,1.0837756598004906
0.0,0.06,20,0.09073052690954822,0.05266666666666667,1.0852323519235798
0.0,0.06,22,0.09121198747112916,0.06733333333333333,1.0948335915064336
0.0,0.06,24,0.09161018431653532,0.22933333333333333,1.1023896403760003
0.0,0.1,4,0.09007122209824671,0.19,1.0777808051870177
0.0,0.1,6,0.08987209430740586,0.07333333333333333,1.083521945791863
0.0,0.1,8,0.09047062133518533,0.07066666666666667,1.0826630505800592
0.0,0.1,10,0.09092547469817541,0.06333333333333334,1.0849845250419359
0.0,0.1,12,0.09077116882566362,0.064,1.087635090474642
0.0,0.1,14,0.09069535121566688,0.066,1.0884452925471697
0.0,0.1,16,0.09099980258051996,0.07466666666666667,1.0938820032600884
0.0,0.1,18,0.09113383147923729,0.06933333333333333,1.0939689280935538
0.0,0.1,20,0.09165621304202415,0.052,1.0967071339415007
0.0,0.1,22,0.09158771075294132,0.078,1.101624189015582
0.0,0.1,24,0.09181650966493347,0.19866666666666666,1.1087870360665881
0.0,0.15,4,0.09221352943469986,0.20133333333333334,1.0924845082031938
0.0,0.15,6,0.09124429917817536,0.07133333333333333,1.0945507972620363
0.0,0.15,8,0.0908309800549644,0.05266666666666667,1.1004461451764322
0.0,0.15,10,0.09101358097711473,0.06333333333333334,1.0956586917296094
0.0,0.15,12,0.09105607139149892,0.068,1.092604793532937
0.0,0.15,14,0.09119597321358863,0.08066666666666666,1.0850472221964644
0.0,0.15,16,0.09088940290469064,0.06733333333333333,1.0864976992825548
0.0,0.15,18,0.09061900751278901,0.07466666666666667,1.0863030854558349
0.0,0.15,20,0.09046809135982992,0.05533333333333333,1.0868424120605094
0.0,0.15,22,0.09020062659663108,0.08133333333333333,1.09046204462817
0.0,0.15,24,0.09026843737601782,0.184,1.0891026004722617
0.25,0.0,4,0.08916685010598205,0.256,1.097458820084591
0.25,0.0,6,0.08932553090009673,0.004666666666666667,1.0877274436848798
0.25,0.0,8,0.09086958214259094,0.01,1.085579944269864
0.25,0.0,10,0.09465936949164556,0.016,1.1131381146937078
0.25,0.0,12,0.10139912398467672,0.336,1.1774623282008947
0.25,0.0,14,0.09448167236444391,0.028,1.1116820778591965
0.25,0.0,16,0.08992819865179293,0.02266666666666667,1.0747943070447539
0.25,0.0,18,0.0878187552987223,0.030666666666666665,1.0620633186861514
0.25,0.0,20,0.08732026639926058,0.023333333333333334,1.062366368294028
0.25,0.0,22,0.087462364134062,0.023333333333333334,1.0654703140069142
0.25,0.0,24,0.08756828652672614,0.24933333333333332,1.0622569631750238
0.25,0.03,4,0.08842608337524514,0.19333333333333333,1.0748418274243718
0.25,0.03,6,0.08899822685784506,0.034,1.0779221450017087
0.25,0.03,8,0.09097629777629139,0.021333333333333333,1.0934734497865377
0.25,0.03,10,0.09494583113969247,0.034,1.1213997276190169
0.25,0.03,12,0.10196273015833494,0.296,1.1922671680653973
0.25,0.03,14,0.09503294585161438,0.05533333333333333,1.1180012763344827
0.25,0.03,16,0.09018170522339179,0.034666666666666665,1.0870943214213837
0.25,0.03,18,0.08801085031269065,0.04066666666666666,1.0679011151612152
0.25,0.03,20,0.08731372393198517,0.04,1.0552085556446373
0.25,0.03,22,0.08711078804559408,0.048,1.056209586133891
0.25,0.03,24,0.08704081732731483,0.20266666666666666,1.0556808274073548
0.25,0.06,4,0.08839995561803979,0.204,1.0753622414016644
0.25,0.06,6,0.088086465679994,0.04666666666666667,1.0744657321446405
0.25,0.06,8,0.08954674962387664,0.024,1.0760442379842372
0.25,0.06,10,0.09357306594507872,0.04,1.1021493848219
0.25,0.06,12,0.10089801728585157,0.226,1.1641010891081136
0.25,0.06,14,0.09455971858228014,0.06066666666666667,1.1059386995445037
0.25,0.06,16,0.09014356314718312,0.038,1.0793426892389077
0.25,0.06,18,0.08856497056938795,0.044,1.0773258411202309
0.25,0.06,20,0.08829736625955822,0.04533333333333334,1.0796637195178465
0.25,0.06,22,0.08872239156761846,0.066,1.0827679728042703
0.25,0.06,24,0.08920773572113189,0.20533333333333334,1.0828383923136926
0.25,0.1,4,0.08729032861815153,0.16266666666666665,1.076058028848938
0.25,0.1,6,0.08815485438310308,0.06133333333333333,1.078445165056945
0.25,0.1,8,0.0900956771829426,0.038,1.078910775860374
0.25,0.1,10,0.09373290289509016,0.04533333333333334,1.092440556699377
0.25,0.1,12,0.10035174510971365,0.21,1.165582601102874
0.25,0.1,14,0.09399080722576258,0.06533333333333333,1.1003563805442464
0.25,0.1,16,0.09013181878133626,0.051333333333333335,1.0813158524441173
0.25,0.1,18,0.08849870011808011,0.044,1.0725638273944227
0.25,0.1,20,0.08826396692023168,0.042,1.0726415282346047
0.25,0.1,22,0.08935737970057761,0.07666666666666666,1.0887315800349362
0.25,0.1,24,0.0901318190650107,0.20333333333333334,1.092953703779159
0.25,0.15,4,0.0878044009282379,0.16,1.0806202071040503
0.25,0.15,6,0.0887898420803438,0.06933333333333333,1.0736747669070092
0.25,0.15,8,0.09033732233370827,0.054,1.0893389543235468
0.25,0.15,10,0.09527987636575529,0.062,1.1225276307952228
0.25,0.15,12,0.10259832897366569,0.19666666666666666,1.1940012986212991
0.25,0.15,14,0.09554206478715545,0.072,1.113364046344792
0.25,0.15,16,0.0904031278002326,0.04933333333333333,1.069491273327699
0.25,0.15,18,0.08771752750213128,0.03933333333333333,1.0542030157930251
0.25,0.15,20,0.08663210927881418,0.04466666666666667,1.0571436756732078
0.25,0.15,22,0.08709907901654904,0.072,1.069256599777012
0.25,0.15,24,0.08779632093340668,0.18066666666666667,1.0763785313331327
0.5,0.0,4,0.08434636161713947,0.16866666666666666,1.0522323814669636
0.5,0.0,6,0.08513490752416811,0.0006666666666666666,1.0393818668455495
0.5,0.0,8,0.08897313585756353,0.0026666666666666666,1.0651230177502922
0.5,0.0,10,0.0976381690498602,0.0013333333333333333,1.128062648886752
0.5,0.0,12,0.11310148195299846,0.5586666666666666,1.2847486846342606
0.5,0.0,14,0.09887956825591779,0.006666666666666667,1.143853243419064
0.5,0.0,16,0.09004606126656241,0.008666666666666666,1.0787697106213368
0.5,0.0,18,0.08611623344043473,0.013333333333333334,1.0578502624921098
0.5,0.0,20,0.08514579201423518,0.017333333333333333,1.0589110358417382
0.5,0.0,22,0.08527405817734747,0.014666666666666666,1.0499138737762945
0.5,0.0,24,0.08534423084377284,0.20733333333333334,1.04115327426564
0.5,0.03,4,0.08381145658827814,0.138,1.0394393301598215
0.5,0.03,6,0.08472976100543474,0.022,1.0415329270114024
0.5,0.03,8,0.08877562873776086,0.006,1.071875572143024
0.5,0.03,10,0.0972616702298956,0.008666666666666666,1.1204573829567845
0.5,0.03,12,0.11235472632491675,0.5093333333333333,1.2631728324460196
0.5,0.03,14,0.0983378561084559,0.020666666666666667,1.1364328893455344
0.5,0.03,16,0.08970722817653468,0.01,1.0756955990891472
0.5,0.03,18,0.08624820104599729,0.014,1.054943300834768
0.5,0.03,20,0.08579735183401177,0.020666666666666667,1.0659666038858087
0.5,0.03,22,0.0863284620755424,0.05266666666666667,1.0679760172724229
0.5,0.03,24,0.08664765787317173,0.198,1.0625075448552683
0.5,0.06,4,0.08465909284293147,0.13466666666666666,1.061742600107889
0.5,0.06,6,0.08531492337989276,0.028666666666666667,1.0423360698887962
0.5,0.06,8,0.08872720655572176,0.013333333333333334,1.0539041922241383
0.5,0.06,10,0.09672173790856504,0.02,1.1166464168463874
0.5,0.06,12,0.11188590535049511,0.48333333333333334,1.266436196325943
0.5,0.06,14,0.09790928269525517,0.03133333333333333,1.1338603869454924
0.5,0.06,16,0.08948534035593002,0.012666666666666666,1.0668963049871028
0.5,0.06,18,0.0859312044744392,0.015333333333333332,1.050152930613821
0.5,0.06,20,0.08549995546289191,0.02266666666666667,1.055140322432792
0.5,0.06,22,0.08663865069398438,0.05333333333333334,1.0719329716675183
0.5,0.06,24,0.08722670027989328,0.18466666666666667,1.080951607960118
0.5,0.1,4,0.08309441993260798,0.11733333333333333,1.0217623776239315
0.5,0.1,6,0.08417625315779129,0.044,1.0398232469452051
0.5,0.1,8,0.08807687017085922,0.021333333333333333,1.057861902341089
0.5,0.1,10,0.09677653680988722,0.034,1.1281325449427968
0.5,0.1,12,0.1121185146591349,0.4046666666666667,1.2687451050092244
0.5,0.1,14,0.09825014447662693,0.052,1.1367589318041234
0.5,0.1,16,0.08977723244085475,0.028,1.0669787947248361
0.5,0.1,18,0.08655808843463161,0.02266666666666667,1.0501926197953213
0.5,0.1,20,0.08607210669695403,0.02666666666666667,1.062218272002153
0.5,0.1,22,0.087077417198319,0.06066666666666667,1.0755732922331165
0.5,0.1,24,0.08802241602233296,0.18866666666666668,1.0919529125782033
0.5,0.15,4,0.08447191329712535,0.15066666666666667,1.054397799621981
0.5,0.15,6,0.08487778771095707,0.04133333333333333,1.0450469748090592
0.5,0.15,8,0.08775010074041484,0.028,1.0530145739470984
0.5,0.15,10,0.09654855558073512,0.04066666666666666,1.1101309432976922
0.5,0.15,12,0.11202474557732146,0.3413333333333333,1.2629521955290777
0.5,0.15,14,0.09812472376362966,0.056666666666666664,1.1259153413144085
0.5,0.15,16,0.0892850781893563,0.028666666666666667,1.063131016505079
0.5,0.15,18,0.08553326588250303,0.029333333333333333,1.0518808582330437
0.5,0.15,20,0.08624848052088235,0.042,1.0608412698679763
0.5,0.15,22,0.08721209869650182,0.064,1.0786817171358136
0.5,0.15,24,0.08792325004057298,0.17733333333333334,1.0940073097387735
1.0,0.0,4,0.07784003646290505,0.05266666666666667,0.9949153778892293
1.0,0.0,6,0.07922601908721716,0.0,1.002612704746406
1.0,0.0,8,0.08626826434369597,0.0,1.0440958038984174
1.0,0.0,10,0.10339054544585272,0.0,1.1689622269698259
1.0,0.0,12,0.13787233252194175,0.81,1.482806576958595
1.0,0.0,14,0.10485433092805875,0.0,1.1746698938054463
1.0,0.0,16,0.08714623062664055,0.0006666666666666666,1.0377831451179254
1.0,0.0,18,0.080535384290086,0.0006666666666666666,1.0061247614866349
1.0,0.0,20,0.07984440641153741,0.0026666666666666666,1.0128451818298783
1.0,0.0,22,0.08112591058149353,0.004,1.0353907664859765
1.0,0.0,24,0.08189653930057159,0.12933333333333333,1.0397935608116675
1.0,0.03,4,0.07723400045321628,0.05,0.9848851247060135
1.0,0.03,6,0.07882037302148441,0.002,0.991943355437868
1.0,0.03,8,0.08607480636327121,0.0,1.0403453313090294
1.0,0.03,10,0.10340847063813853,0.0,1.1724841754648125
1.0,0.03,12,0.1379178757822297,0.816,1.4824487824057668
1.0,0.03,14,0.10511714165505183,0.0006666666666666666,1.178801531251889
1.0,0.03,16,0.08757855024261081,0.0,1.0574147486275174
1.0,0.03,18,0.08100872307255066,0.0006666666666666666,1.0166877731871187
1.0,0.03,20,0.08012984891051612,0.004666666666666667,1.0129528370077427
1.0,0.03,22,0.08108683595431065,0.011333333333333334,1.0287180453626823
1.0,0.03,24,0.08162337390661983,0.11466666666666667,1.0333182952395534
1.0,0.06,4,0.07856636500382527,0.05,1.0102510209163318
1.0,0.06,6,0.07993465800706746,0.01,1.01166594617397
1.0,0.06,8,0.08685414121954928,0.0013333333333333333,1.051208644708685
1.0,0.06,10,0.10394143931704058,0.0013333333333333333,1.1751494961307125
1.0,0.06,12,0.1385296992648632,0.792,1.48756399100951
1.0,0.06,14,0.1050032049155264,0.0026666666666666666,1.1786999400565432
1.0,0.06,16,0.08692196657039107,0.002,1.0402514209824778
1.0,0.06,18,0.08013444939508498,0.0033333333333333335,0.9963003943533493
1.0,0.06,20,0.0788852946105979,0.005333333333333333,0.9939640995079856
1.0,0.06,22,0.08020453584161868,0.024666666666666667,1.0223893044069086
1.0,0.06,24,0.08102424585443567,0.10733333333333334,1.0325557417535296
1.0,0.1,4,0.07847828195126443,0.056666666666666664,1.0038285020021314
1.0,0.1,6,0.07968012556569586,0.017333333333333333,1.0078927042135732
1.0,0.1,8,0.08647184625565137,0.004,1.0446764809648112
1.0,0.1,10,0.10345420301931807,0.012,1.166922890411894
1.0,0.1,12,0.13703508390367905,0.7113333333333334,1.4700018195496007
1.0,0.1,14,0.10442163809716856,0.011333333333333334,1.1707965285466382
1.0,0.1,16,0.08715721998988418,0.005333333333333333,1.0364032105411205
1.0,0.1,18,0.08057246790920501,0.008666666666666666,1.0088277324587949
1.0,0.1,20,0.07991441517044373,0.012666666666666666,1.012205061399961
1.0,0.1,22,0.08119810537742524,0.046,1.0340448221048044
1.0,0.1,24,0.08161661276026438,0.11466666666666667,1.0444002478066763
1.0,0.15,4,0.0787056405019664,0.07733333333333334,1.0069123525581551
1.0,0.15,6,0.07987337998964042,0.019333333333333334,0.9989611430884813
1.0,0.15,8,0.08640244520271481,0.008666666666666666,1.0401666274735364
1.0,0.15,10,0.10297034099213649,0.017333333333333333,1.1661647023835042
1.0,0.15,12,0.13702576114245066,0.6433333333333333,1.4884764839670892
1.0,0.15,14,0.10444490301337712,0.028666666666666667,1.1803827781569602
1.0,0.15,16,0.08693119601518505,0.01,1.0471736730675543
1.0,0.15,18,0.08018627511865851,0.008,1.0037066683967573
1.0,0.15,20,0.07965286794608091,0.015333333333333332,1.0080921480770757
1.0,0.15,22,0.08151895326152485,0.043333333333333335,1.029145231347807
1.0,0.15,24,0.08228823681626468,0.12866666666666668,1.03081819148308
2.0,0.0,4,0.06656436714353507,0.0026666666666666666,0.940211820569329
2.0,0.0,6,0.06792755938383727,0.0,0.9186798914089767
2.0,0.0,8,0.07877101171620708,0.0,0.9665495192058167
2.0,0.0,10,0.11145751478656267,0.0,1.1904711897630555
2.0,0.0,12,0.19670115136421115,0.972,1.9319565091961177
2.0,0.0,14,0.11351167865268699,0.0,1.229487084919154
2.0,0.0,16,0.07960147296775923,0.0,0.9810005352312955
2.0,0.0,18,0.06971458392404942,0.0,0.927743544278618
2.0,0.0,20,0.06968111749319356,0.0,0.9455929594449463
2.0,0.0,22,0.0723269727443067,0.0,0.976424295868599
2.0,0.0,24,0.07374256982365125,0.025333333333333333,0.9918826501140929
2.0,0.03,4,0.06616367495977968,0.002,0.9266632935416099
2.0,0.03,6,0.06765793979524527,0.0,0.9154150073686654
2.0,0.03,8,0.07865197238374662,0.0,0.9702126711245141
2.0,0.03,10,0.11130817039924974,0.0,1.199789058957201
2.0,0.03,12,0.19625654662395528,0.9733333333333334,1.9316280253140743
2.0,0.03,14,0.11325159145393553,0.0,1.2120561448493097
2.0,0.03,16,0.07960553393864359,0.0,0.9744828649311712
2.0,0.03,18,0.06997946221761135,0.0,0.9278507180784749
2.0,0.03,20,0.07010473165653794,0.0,0.9511678426790086
2.0,0.03,22,0.07276956451819912,0.0026666666666666666,0.9926063448097822
2.0,0.03,24,0.07425081205309533,0.022,0.9981280283461895
2.0,0.06,4,0.06633650185924235,0.004,0.9325187085139246
2.0,0.06,6,0.0675201089654095,0.0,0.9200793484229544
2.0,0.06,8,0.07826141988206006,0.0,0.9665206078494105
2.0,0.06,10,0.11106458759291137,0.0,1.1924411355290374
2.0,0.06,12,0.19672274174582974,0.9666666666666667,1.9298875321487394
2.0,0.06,14,0.11390073697450767,0.0,1.2183402444225566
2.0,0.06,16,0.07982356194302735,0.0,0.9841154106882929
2.0,0.06,18,0.07005252377722884,0.0,0.9409419456516701
2.0,0.06,20,0.06979112553207326,0.0,0.9533309451141099
2.0,0.06,22,0.072489085126105,0.0033333333333333335,0.9759309894267915
2.0,0.06,24,0.07403760660160413,0.026,0.9858931322325081
2.0,0.1,4,0.06702166372213024,0.008666666666666666,0.9376363612501718
2.0,0.1,6,0.06828641422795484,0.0,0.9192696760513812
2.0,0.1,8,0.07868072566775444,0.0,0.974980043564998
2.0,0.1,10,0.1104948844185437,0.0,1.1940485516197183
2.0,0.1,12,0.19478697605060583,0.9533333333333334,1.9034933851196614
2.0,0.1,14,0.11229555458779578,0.0,1.2057719999852192
2.0,0.1,16,0.07950924573811899,0.0,0.9728328292973377
2.0,0.1,18,0.06994228005761076,0.0,0.9379551884494672
2.0,0.1,20,0.07031885035936605,0.0,0.9668919380162218
2.0,0.1,22,0.07325044764828022,0.007333333333333333,0.9915126834633738
2.0,0.1,24,0.07541295752183982,0.030666666666666665,0.9956073431824515
2.0,0.15,4,0.06772633466125799,0.012,0.941790177059122
2.0,0.15,6,0.06870425289389016,0.002,0.9266381125102271
2.0,0.15,8,0.07939465174687214,0.0006666666666666666,0.9747469903618212
2.0,0.15,10,0.1112612322507797,0.0006666666666666666,1.1926468440579552
2.0,0.15,12,0.19462030935865401,0.9253333333333333,1.9350232981919029
2.0,0.15,14,0.11261959221897008,0.0,1.2208266377415704
2.0,0.15,16,0.07940660625260706,0.0006666666666666666,0.9668597101901624
2.0,0.15,18,0.06990351451870025,0.0006666666666666666,0.9276811946713401
2.0,0.15,20,0.06953277320408682,0.0033333333333333335,0.9430513332382526
2.0,0.15,22,0.0725690066085342,0.01,0.9771366170781149
2.0,0.15,24,0.07426172628564737,0.04466666666666667,0.9935990848995319
