k,r,delta_phi_over_2pi,gcd_k_r,orbit_length,cycle_count,transitive_full_cycle,kernel_preservation_error,operator_X_power_error,conjugacy_to_X_error,cycle_decomposition
2,0,0.0,2,1,2,False,0.0,0.0,,0 | 1
2,1,0.5,1,2,1,True,2.4492935982947064e-16,0.0,0.0,0-1
3,0,0.0,3,1,3,False,0.0,0.0,,0 | 1 | 2
3,1,0.3333333333333333,1,3,1,True,6.918966297196768e-16,0.0,0.0,0-1-2
3,2,0.6666666666666666,1,3,1,True,7.850462293418876e-16,0.0,0.0,0-2-1
4,0,0.0,4,1,4,False,0.0,0.0,,0 | 1 | 2 | 3
4,1,0.25,1,4,1,True,2.4492935982947064e-16,0.0,0.0,0-1-2-3
4,2,0.5,2,2,2,False,2.4492935982947064e-16,0.0,,0-2 | 1-3
4,3,0.75,1,4,1,True,2.4492935982947064e-16,0.0,0.0,0-3-2-1
5,0,0.0,5,1,5,False,0.0,0.0,,0 | 1 | 2 | 3 | 4
5,1,0.2,1,5,1,True,2.6556679409574677e-16,0.0,0.0,0-1-2-3-4
5,2,0.4,1,5,1,True,2.9893669801409083e-16,0.0,0.0,0-2-4-1-3
5,3,0.6,1,5,1,True,2.6779086164794897e-16,0.0,0.0,0-3-1-4-2
5,4,0.8,1,5,1,True,3.1401849173675503e-16,0.0,0.0,0-4-3-2-1
6,0,0.0,6,1,6,False,0.0,0.0,,0 | 1 | 2 | 3 | 4 | 5
6,1,0.16666666666666666,1,6,1,True,7.550332863779066e-16,0.0,0.0,0-1-2-3-4-5
6,2,0.3333333333333333,2,3,2,False,6.918966297196768e-16,0.0,,0-2-4 | 1-3-5
6,3,0.5,3,2,3,False,4.965068306494546e-16,0.0,,0-3 | 1-4 | 2-5
6,4,0.6666666666666666,2,3,2,False,7.850462293418876e-16,0.0,,0-4-2 | 1-5-3
6,5,0.8333333333333334,1,6,1,True,7.447602459741819e-16,0.0,0.0,0-5-4-3-2-1
7,0,0.0,7,1,7,False,0.0,0.0,,0 | 1 | 2 | 3 | 4 | 5 | 6
7,1,0.14285714285714285,1,7,1,True,2.2084664740186742e-16,0.0,0.0,0-1-2-3-4-5-6
7,2,0.2857142857142857,1,7,1,True,2.567554120274525e-16,0.0,0.0,0-2-4-6-1-3-5
7,3,0.42857142857142855,1,7,1,True,3.1401849173675503e-16,0.0,0.0,0-3-6-2-5-1-4
7,4,0.5714285714285714,1,7,1,True,2.4829854067047756e-16,0.0,0.0,0-4-1-5-2-6-3
7,5,0.7142857142857143,1,7,1,True,3.1401849173675503e-16,0.0,0.0,0-5-3-1-6-4-2
7,6,0.8571428571428571,1,7,1,True,2.7755575615628914e-16,0.0,0.0,0-6-5-4-3-2-1
8,0,0.0,8,1,8,False,0.0,0.0,,0 | 1 | 2 | 3 | 4 | 5 | 6 | 7
8,1,0.125,1,8,1,True,2.5788501197332367e-16,0.0,0.0,0-1-2-3-4-5-6-7
8,2,0.25,2,4,2,False,2.482534153247273e-16,0.0,,0-2-4-6 | 1-3-5-7
8,3,0.375,1,8,1,True,2.482534153247273e-16,0.0,0.0,0-3-6-1-4-7-2-5
8,4,0.5,4,2,4,False,3.1401849173675503e-16,0.0,,0-4 | 1-5 | 2-6 | 3-7
8,5,0.625,1,8,1,True,3.535750889706375e-16,0.0,0.0,0-5-2-7-4-1-6-3
8,6,0.75,2,4,2,False,2.482534153247273e-16,0.0,,0-6-4-2 | 1-7-5-3
8,7,0.875,1,8,1,True,3.1401849173675503e-16,0.0,0.0,0-7-6-5-4-3-2-1
9,0,0.0,9,1,9,False,0.0,0.0,,0 | 1 | 2 | 3 | 4 | 5 | 6 | 7 | 8
9,1,0.1111111111111111,1,9,1,True,3.8649714081294053e-16,0.0,0.0,0-1-2-3-4-5-6-7-8
9,2,0.2222222222222222,1,9,1,True,4.710277376051326e-16,0.0,0.0,0-2-4-6-8-1-3-5-7
9,3,0.3333333333333333,3,3,3,False,6.918966297196768e-16,0.0,,0-3-6 | 1-4-7 | 2-5-8
9,4,0.4444444444444444,1,9,1,True,5.551115123125783e-16,0.0,0.0,0-4-8-3-7-2-6-1-5
9,5,0.5555555555555556,1,9,1,True,4.718447854656915e-16,0.0,0.0,0-5-1-6-2-7-3-8-4
9,6,0.6666666666666666,3,3,3,False,7.850462293418876e-16,0.0,,0-6-3 | 1-7-4 | 2-8-5
9,7,0.7777777777777778,1,9,1,True,7.021666937153402e-16,0.0,0.0,0-7-5-3-1-8-6-4-2
9,8,0.8888888888888888,1,9,1,True,7.447602459741819e-16,0.0,0.0,0-8-7-6-5-4-3-2-1
10,0,0.0,10,1,10,False,0.0,0.0,,0 | 1 | 2 | 3 | 4 | 5 | 6 | 7 | 8 | 9
10,1,0.1,1,10,1,True,2.224890436452832e-16,0.0,0.0,0-1-2-3-4-5-6-7-8-9
10,2,0.2,2,5,2,False,3.1401849173675503e-16,0.0,,0-2-4-6-8 | 1-3-5-7-9
10,3,0.3,1,10,1,True,3.3306690738754696e-16,0.0,0.0,0-3-6-9-2-5-8-1-4-7
10,4,0.4,2,5,2,False,3.1401849173675503e-16,0.0,,0-4-8-2-6 | 1-5-9-3-7
10,5,0.5,5,2,5,False,2.482534153247273e-16,0.0,,0-5 | 1-6 | 2-7 | 3-8 | 4-9
10,6,0.6,2,5,2,False,2.6779086164794897e-16,0.0,,0-6-2-8-4 | 1-7-3-9-5
10,7,0.7,1,10,1,True,3.510833468576701e-16,0.0,0.0,0-7-4-1-8-5-2-9-6-3
10,8,0.8,2,5,2,False,3.1401849173675503e-16,0.0,,0-8-6-4-2 | 1-9-7-5-3
10,9,0.9,1,10,1,True,3.510833468576701e-16,0.0,0.0,0-9-8-7-6-5-4-3-2-1
11,0,0.0,11,1,11,False,0.0,0.0,,0 | 1 | 2 | 3 | 4 | 5 | 6 | 7 | 8 | 9 | 10
11,1,0.09090909090909091,1,11,1,True,5.978733960281817e-16,0.0,0.0,0-1-2-3-4-5-6-7-8-9-10
11,2,0.18181818181818182,1,11,1,True,4.385621474132166e-16,0.0,0.0,0-2-4-6-8-10-1-3-5-7-9
11,3,0.2727272727272727,1,11,1,True,5.551115123125783e-16,0.0,0.0,0-3-6-9-1-4-7-10-2-5-8
11,4,0.36363636363636365,1,11,1,True,5.551115123125783e-16,0.0,0.0,0-4-8-1-5-9-2-6-10-3-7
11,5,0.45454545454545453,1,11,1,True,4.0029660424867215e-16,0.0,0.0,0-5-10-4-9-3-8-2-7-1-6
11,6,0.5454545454545454,1,11,1,True,7.108895957933346e-16,0.0,0.0,0-6-1-7-2-8-3-9-4-10-5
11,7,0.6363636363636364,1,11,1,True,6.497413668604471e-16,0.0,0.0,0-7-3-10-6-2-9-5-1-8-4
11,8,0.7272727272727273,1,11,1,True,2.7755575615628914e-16,0.0,0.0,0-8-5-2-10-7-4-1-9-6-3
11,9,0.8181818181818182,1,11,1,True,7.108895957933346e-16,0.0,0.0,0-9-7-5-3-1-10-8-6-4-2
11,10,0.9090909090909091,1,11,1,True,6.955527313080394e-16,0.0,0.0,0-10-9-8-7-6-5-4-3-2-1
12,0,0.0,12,1,12,False,0.0,0.0,,0 | 1 | 2 | 3 | 4 | 5 | 6 | 7 | 8 | 9 | 10 | 11
12,1,0.08333333333333333,1,12,1,True,6.066371422017442e-16,0.0,0.0,0-1-2-3-4-5-6-7-8-9-10-11
12,2,0.16666666666666666,2,6,2,False,7.550332863779066e-16,0.0,,0-2-4-6-8-10 | 1-3-5-7-9-11
12,3,0.25,3,4,3,False,4.965068306494546e-16,0.0,,0-3-6-9 | 1-4-7-10 | 2-5-8-11
12,4,0.3333333333333333,4,3,4,False,6.950990486734926e-16,0.0,,0-4-8 | 1-5-9 | 2-6-10 | 3-7-11
12,5,0.4166666666666667,1,12,1,True,4.965068306494546e-16,0.0,0.0,0-5-10-3-8-1-6-11-4-9-2-7
12,6,0.5,6,2,6,False,7.550332863779066e-16,0.0,,0-6 | 1-7 | 2-8 | 3-9 | 4-10 | 5-11
12,7,0.5833333333333334,1,12,1,True,7.1193825593815e-16,0.0,0.0,0-7-2-9-4-11-6-1-8-3-10-5
12,8,0.6666666666666666,4,3,4,False,7.850462293418876e-16,0.0,,0-8-4 | 1-9-5 | 2-10-6 | 3-11-7
12,9,0.75,3,4,3,False,6.955527313080394e-16,0.0,,0-9-6-3 | 1-10-7-4 | 2-11-8-5
12,10,0.8333333333333334,2,6,2,False,7.447602459741819e-16,0.0,,0-10-8-6-4-2 | 1-11-9-7-5-3
12,11,0.9166666666666666,1,12,1,True,1.1430445635548515e-15,0.0,0.0,0-11-10-9-8-7-6-5-4-3-2-1
13,0,0.0,13,1,13,False,0.0,0.0,,0 | 1 | 2 | 3 | 4 | 5 | 6 | 7 | 8 | 9 | 10 | 11 | 12
13,1,0.07692307692307693,1,13,1,True,1.4010381148703524e-15,0.0,0.0,0-1-2-3-4-5-6-7-8-9-10-11-12
13,2,0.15384615384615385,1,13,1,True,1.2810987281296213e-15,0.0,0.0,0-2-4-6-8-10-12-1-3-5-7-9-11
13,3,0.23076923076923078,1,13,1,True,1.0934428697813141e-15,0.0,0.0,0-3-6-9-12-2-5-8-11-1-4-7-10
13,4,0.3076923076923077,1,13,1,True,1.1801832636420706e-15,0.0,0.0,0-4-8-12-3-7-11-2-6-10-1-5-9
13,5,0.38461538461538464,1,13,1,True,1.2947314098277873e-15,0.0,0.0,0-5-10-2-7-12-4-9-1-6-11-3-8
13,6,0.46153846153846156,1,13,1,True,1.2947314098277873e-15,0.0,0.0,0-6-12-5-11-4-10-3-9-2-8-1-7
13,7,0.5384615384615384,1,13,1,True,1.5700924586837751e-15,0.0,0.0,0-7-1-8-2-9-3-10-4-11-5-12-6
13,8,0.6153846153846154,1,13,1,True,1.5624688148904796e-15,0.0,0.0,0-8-3-11-6-1-9-4-12-7-2-10-5
13,9,0.6923076923076923,1,13,1,True,1.1322097734007353e-15,0.0,0.0,0-9-5-1-10-6-2-11-7-3-12-8-4
13,10,0.7692307692307693,1,13,1,True,1.2947314098277873e-15,0.0,0.0,0-10-7-4-1-11-8-5-2-12-9-6-3
13,11,0.8461538461538461,1,13,1,True,2.092556886098636e-15,0.0,0.0,0-11-9-7-5-3-1-12-10-8-6-4-2
13,12,0.9230769230769231,1,13,1,True,1.542371118540254e-15,0.0,0.0,0-12-11-10-9-8-7-6-5-4-3-2-1
14,0,0.0,14,1,14,False,0.0,0.0,,0 | 1 | 2 | 3 | 4 | 5 | 6 | 7 | 8 | 9 | 10 | 11 | 12 | 13
14,1,0.07142857142857142,1,14,1,True,8.95090418262362e-16,0.0,0.0,0-1-2-3-4-5-6-7-8-9-10-11-12-13
14,2,0.14285714285714285,2,7,2,False,1.793620188084545e-15,0.0,,0-2-4-6-8-10-12 | 1-3-5-7-9-11-13
14,3,0.21428571428571427,1,14,1,True,1.122138229473498e-15,0.0,0.0,0-3-6-9-12-1-4-7-10-13-2-5-8-11
14,4,0.2857142857142857,2,7,2,False,1.191874962812805e-15,0.0,,0-4-8-12-2-6-10 | 1-5-9-13-3-7-11
14,5,0.35714285714285715,1,14,1,True,1.1102230246251565e-15,0.0,0.0,0-5-10-1-6-11-2-7-12-3-8-13-4-9
14,6,0.42857142857142855,2,7,2,False,1.2123818431320796e-15,0.0,,0-6-12-4-10-2-8 | 1-7-13-5-11-3-9
14,7,0.5,7,2,7,False,1.1322097734007353e-15,0.0,,0-7 | 1-8 | 2-9 | 3-10 | 4-11 | 5-12 | 6-13
14,8,0.5714285714285714,2,7,2,False,1.1102230246251565e-15,0.0,,0-8-2-10-4-12-6 | 1-9-3-11-5-13-7
14,9,0.6428571428571429,1,14,1,True,1.1443916996305592e-15,0.0,0.0,0-9-4-13-8-3-12-7-2-11-6-1-10-5
14,10,0.7142857142857143,2,7,2,False,1.1349719764905117e-15,0.0,,0-10-6-2-12-8-4 | 1-11-7-3-13-9-5
14,11,0.7857142857142857,1,14,1,True,2.1355566272775288e-15,0.0,0.0,0-11-8-5-2-13-10-7-4-1-12-9-6-3
14,12,0.8571428571428571,2,7,2,False,1.589839758910881e-15,0.0,,0-12-10-8-6-4-2 | 1-13-11-9-7-5-3
14,13,0.9285714285714286,1,14,1,True,1.589839758910881e-15,0.0,0.0,0-13-12-11-10-9-8-7-6-5-4-3-2-1
15,0,0.0,15,1,15,False,0.0,0.0,,0 | 1 | 2 | 3 | 4 | 5 | 6 | 7 | 8 | 9 | 10 | 11 | 12 | 13 | 14
15,1,0.06666666666666667,1,15,1,True,6.206335383118183e-16,0.0,0.0,0-1-2-3-4-5-6-7-8-9-10-11-12-13-14
15,2,0.13333333333333333,1,15,1,True,1.1801832636420706e-15,0.0,0.0,0-2-4-6-8-10-12-14-1-3-5-7-9-11-13
15,3,0.2,3,5,3,False,8.455206652451151e-16,0.0,,0-3-6-9-12 | 1-4-7-10-13 | 2-5-8-11-14
15,4,0.26666666666666666,1,15,1,True,9.095015963337334e-16,0.0,0.0,0-4-8-12-1-5-9-13-2-6-10-14-3-7-11
15,5,0.3333333333333333,5,3,5,False,9.43689570931383e-16,0.0,,0-5-10 | 1-6-11 | 2-7-12 | 3-8-13 | 4-9-14
15,6,0.4,3,5,3,False,8.005932084973443e-16,0.0,,0-6-12-3-9 | 1-7-13-4-10 | 2-8-14-5-11
15,7,0.4666666666666667,1,15,1,True,6.753223014464258e-16,0.0,0.0,0-7-14-6-13-5-12-4-11-3-10-2-9-1-8
15,8,0.5333333333333333,1,15,1,True,9.088626701255177e-16,0.0,0.0,0-8-1-9-2-10-3-11-4-12-5-13-6-14-7
15,9,0.6,3,5,3,False,6.206335383118183e-16,0.0,,0-9-3-12-6 | 1-10-4-13-7 | 2-11-5-14-8
15,10,0.6666666666666666,5,3,5,False,1.047382306668854e-15,0.0,,0-10-5 | 1-11-6 | 2-12-7 | 3-13-8 | 4-14-9
15,11,0.7333333333333333,1,15,1,True,1.5624688148904796e-15,0.0,0.0,0-11-7-3-14-10-6-2-13-9-5-1-12-8-4
15,12,0.8,3,5,3,False,7.301351988545592e-16,0.0,,0-12-9-6-3 | 1-13-10-7-4 | 2-14-11-8-5
15,13,0.8666666666666667,1,15,1,True,1.4060466165506381e-15,0.0,0.0,0-13-11-9-7-5-3-1-14-12-10-8-6-4-2
15,14,0.9333333333333333,1,15,1,True,6.342923343242401e-16,0.0,0.0,0-14-13-12-11-10-9-8-7-6-5-4-3-2-1
16,0,0.0,16,1,16,False,0.0,0.0,,0 | 1 | 2 | 3 | 4 | 5 | 6 | 7 | 8 | 9 | 10 | 11 | 12 | 13 | 14 | 15
16,1,0.0625,1,16,1,True,6.535290861122659e-16,0.0,0.0,0-1-2-3-4-5-6-7-8-9-10-11-12-13-14-15
16,2,0.125,2,8,2,False,8.968100940422724e-16,0.0,,0-2-4-6-8-10-12-14 | 1-3-5-7-9-11-13-15
16,3,0.1875,1,16,1,True,7.850462293418876e-16,0.0,0.0,0-3-6-9-12-15-2-5-8-11-14-1-4-7-10-13
16,4,0.25,4,4,4,False,6.497413668604471e-16,0.0,,0-4-8-12 | 1-5-9-13 | 2-6-10-14 | 3-7-11-15
16,5,0.3125,1,16,1,True,6.574937663668053e-16,0.0,0.0,0-5-10-15-4-9-14-3-8-13-2-7-12-1-6-11
16,6,0.375,2,8,2,False,7.447602459741819e-16,0.0,,0-6-12-2-8-14-4-10 | 1-7-13-3-9-15-5-11
16,7,0.4375,1,16,1,True,7.108895957933346e-16,0.0,0.0,0-7-14-5-12-3-10-1-8-15-6-13-4-11-2-9
16,8,0.5,8,2,8,False,6.497413668604471e-16,0.0,,0-8 | 1-9 | 2-10 | 3-11 | 4-12 | 5-13 | 6-14 | 7-15
16,9,0.5625,1,16,1,True,6.945198279441469e-16,0.0,0.0,0-9-2-11-4-13-6-15-8-1-10-3-12-5-14-7
16,10,0.625,2,8,2,False,7.550332863779066e-16,0.0,,0-10-4-14-8-2-12-6 | 1-11-5-15-9-3-13-7
16,11,0.6875,1,16,1,True,1.1801832636420706e-15,0.0,0.0,0-11-6-1-12-7-2-13-8-3-14-9-4-15-10-5
16,12,0.75,4,4,4,False,6.955527313080394e-16,0.0,,0-12-8-4 | 1-13-9-5 | 2-14-10-6 | 3-15-11-7
16,13,0.8125,1,16,1,True,9.485749680535094e-16,0.0,0.0,0-13-10-7-4-1-14-11-8-5-2-15-12-9-6-3
16,14,0.875,2,8,2,False,1.191874962812805e-15,0.0,,0-14-12-10-8-6-4-2 | 1-15-13-11-9-7-5-3
16,15,0.9375,1,16,1,True,1.1443916996305592e-15,0.0,0.0,0-15-14-13-12-11-10-9-8-7-6-5-4-3-2-1
17,0,0.0,17,1,17,False,0.0,0.0,,0 | 1 | 2 | 3 | 4 | 5 | 6 | 7 | 8 | 9 | 10 | 11 | 12 | 13 | 14 | 15 | 16
17,1,0.058823529411764705,1,17,1,True,1.0429598422709816e-15,0.0,0.0,0-1-2-3-4-5-6-7-8-9-10-11-12-13-14-15-16
17,2,0.11764705882352941,1,17,1,True,1.3783794434545257e-15,0.0,0.0,0-2-4-6-8-10-12-14-16-1-3-5-7-9-11-13-15
17,3,0.17647058823529413,1,17,1,True,9.550499576785472e-16,0.0,0.0,0-3-6-9-12-15-1-4-7-10-13-16-2-5-8-11-14
17,4,0.23529411764705882,1,17,1,True,7.108895957933346e-16,0.0,0.0,0-4-8-12-16-3-7-11-15-2-6-10-14-1-5-9-13
17,5,0.29411764705882354,1,17,1,True,8.968100940422724e-16,0.0,0.0,0-5-10-15-3-8-13-1-6-11-16-4-9-14-2-7-12
17,6,0.35294117647058826,1,17,1,True,1.1246883143569124e-15,0.0,0.0,0-6-12-1-7-13-2-8-14-3-9-15-4-10-16-5-11
17,7,0.4117647058823529,1,17,1,True,1.2911564428300666e-15,0.0,0.0,0-7-14-4-11-1-8-15-5-12-2-9-16-6-13-3-10
17,8,0.47058823529411764,1,17,1,True,1.0235750533041806e-15,0.0,0.0,0-8-16-7-15-6-14-5-13-4-12-3-11-2-10-1-9
17,9,0.5294117647058824,1,17,1,True,1.1430445635548515e-15,0.0,0.0,0-9-1-10-2-11-3-12-4-13-5-14-6-15-7-16-8
17,10,0.5882352941176471,1,17,1,True,9.550499576785472e-16,0.0,0.0,0-10-3-13-6-16-9-2-12-5-15-8-1-11-4-14-7
17,11,0.6470588235294118,1,17,1,True,2.0014830212433605e-15,0.0,0.0,0-11-5-16-10-4-15-9-3-14-8-2-13-7-1-12-6
17,12,0.7058823529411765,1,17,1,True,1.0235750533041806e-15,0.0,0.0,0-12-7-2-14-9-4-16-11-6-1-13-8-3-15-10-5
17,13,0.7647058823529411,1,17,1,True,1.1801832636420706e-15,0.0,0.0,0-13-9-5-1-14-10-6-2-15-11-7-3-16-12-8-4
17,14,0.8235294117647058,1,17,1,True,1.6167473892115479e-15,0.0,0.0,0-14-11-8-5-2-16-13-10-7-4-1-15-12-9-6-3
17,15,0.8823529411764706,1,17,1,True,1.900395703982448e-15,0.0,0.0,0-15-13-11-9-7-5-3-1-16-14-12-10-8-6-4-2
17,16,0.9411764705882353,1,17,1,True,1.1102230246251565e-15,0.0,0.0,0-16-15-14-13-12-11-10-9-8-7-6-5-4-3-2-1
18,0,0.0,18,1,18,False,0.0,0.0,,0 | 1 | 2 | 3 | 4 | 5 | 6 | 7 | 8 | 9 | 10 | 11 | 12 | 13 | 14 | 15 | 16 | 17
18,1,0.05555555555555555,1,18,1,True,5.551115123125783e-16,0.0,0.0,0-1-2-3-4-5-6-7-8-9-10-11-12-13-14-15-16-17
18,2,0.1111111111111111,2,9,2,False,9.485749680535094e-16,0.0,,0-2-4-6-8-10-12-14-16 | 1-3-5-7-9-11-13-15-17
18,3,0.16666666666666666,3,6,3,False,8.733042515567878e-16,0.0,,0-3-6-9-12-15 | 1-4-7-10-13-16 | 2-5-8-11-14-17
18,4,0.2222222222222222,2,9,2,False,8.082545620880531e-16,0.0,,0-4-8-12-16-2-6-10-14 | 1-5-9-13-17-3-7-11-15
18,5,0.2777777777777778,1,18,1,True,7.850462293418876e-16,0.0,0.0,0-5-10-15-2-7-12-17-4-9-14-1-6-11-16-3-8-13
18,6,0.3333333333333333,6,3,6,False,9.43689570931383e-16,0.0,,0-6-12 | 1-7-13 | 2-8-14 | 3-9-15 | 4-10-16 | 5-11-17
18,7,0.3888888888888889,1,18,1,True,8.400361489980554e-16,0.0,0.0,0-7-14-3-10-17-6-13-2-9-16-5-12-1-8-15-4-11
18,8,0.4444444444444444,2,9,2,False,8.886119947416683e-16,0.0,,0-8-16-6-14-4-12-2-10 | 1-9-17-7-15-5-13-3-11
18,9,0.5,9,2,9,False,7.108895957933346e-16,0.0,,0-9 | 1-10 | 2-11 | 3-12 | 4-13 | 5-14 | 6-15 | 7-16 | 8-17
18,10,0.5555555555555556,2,9,2,False,7.108895957933346e-16,0.0,,0-10-2-12-4-14-6-16-8 | 1-11-3-13-5-15-7-17-9
18,11,0.6111111111111112,1,18,1,True,1.1443916996305592e-15,0.0,0.0,0-11-4-15-8-1-12-5-16-9-2-13-6-17-10-3-14-7
18,12,0.6666666666666666,6,3,6,False,1.0947951258308451e-15,0.0,,0-12-6 | 1-13-7 | 2-14-8 | 3-15-9 | 4-16-10 | 5-17-11
18,13,0.7222222222222222,1,18,1,True,7.550332863779066e-16,0.0,0.0,0-13-8-3-16-11-6-1-14-9-4-17-12-7-2-15-10-5
18,14,0.7777777777777778,2,9,2,False,7.850462293418876e-16,0.0,,0-14-10-6-2-16-12-8-4 | 1-15-11-7-3-17-13-9-5
18,15,0.8333333333333334,3,6,3,False,1.1443916996305592e-15,0.0,,0-15-12-9-6-3 | 1-16-13-10-7-4 | 2-17-14-11-8-5
18,16,0.8888888888888888,2,9,2,False,1.1050065994108396e-15,0.0,,0-16-14-12-10-8-6-4-2 | 1-17-15-13-11-9-7-5-3
18,17,0.9444444444444444,1,18,1,True,6.497413668604471e-16,0.0,0.0,0-17-16-15-14-13-12-11-10-9-8-7-6-5-4-3-2-1
19,0,0.0,19,1,19,False,0.0,0.0,,0 | 1 | 2 | 3 | 4 | 5 | 6 | 7 | 8 | 9 | 10 | 11 | 12 | 13 | 14 | 15 | 16 | 17 | 18
19,1,0.05263157894736842,1,19,1,True,8.743006318923108e-16,0.0,0.0,0-1-2-3-4-5-6-7-8-9-10-11-12-13-14-15-16-17-18
19,2,0.10526315789473684,1,19,1,True,9.930136612989092e-16,0.0,0.0,0-2-4-6-8-10-12-14-16-18-1-3-5-7-9-11-13-15-17
19,3,0.15789473684210525,1,19,1,True,1.047382306668854e-15,0.0,0.0,0-3-6-9-12-15-18-2-5-8-11-14-17-1-4-7-10-13-16
19,4,0.21052631578947367,1,19,1,True,6.955527313080394e-16,0.0,0.0,0-4-8-12-16-1-5-9-13-17-2-6-10-14-18-3-7-11-15
19,5,0.2631578947368421,1,19,1,True,6.955527313080394e-16,0.0,0.0,0-5-10-15-1-6-11-16-2-7-12-17-3-8-13-18-4-9-14
19,6,0.3157894736842105,1,19,1,True,1.0235750533041806e-15,0.0,0.0,0-6-12-18-5-11-17-4-10-16-3-9-15-2-8-14-1-7-13
19,7,0.3684210526315789,1,19,1,True,8.671119018262734e-16,0.0,0.0,0-7-14-2-9-16-4-11-18-6-13-1-8-15-3-10-17-5-12
19,8,0.42105263157894735,1,19,1,True,8.671119018262734e-16,0.0,0.0,0-8-16-5-13-2-10-18-7-15-4-12-1-9-17-6-14-3-11
19,9,0.47368421052631576,1,19,1,True,8.671119018262734e-16,0.0,0.0,0-9-18-8-17-7-16-6-15-5-14-4-13-3-12-2-11-1-10
19,10,0.5263157894736842,1,19,1,True,8.671119018262734e-16,0.0,0.0,0-10-1-11-2-12-3-13-4-14-5-15-6-16-7-17-8-18-9
19,11,0.5789473684210527,1,19,1,True,1.1102230246251565e-15,0.0,0.0,0-11-3-14-6-17-9-1-12-4-15-7-18-10-2-13-5-16-8
19,12,0.631578947368421,1,19,1,True,6.473657049138937e-16,0.0,0.0,0-12-5-17-10-3-15-8-1-13-6-18-11-4-16-9-2-14-7
19,13,0.6842105263157895,1,19,1,True,1.4400838045461715e-15,0.0,0.0,0-13-7-1-14-8-2-15-9-3-16-10-4-17-11-5-18-12-6
19,14,0.7368421052631579,1,19,1,True,1.1060518526157679e-15,0.0,0.0,0-14-9-4-18-13-8-3-17-12-7-2-16-11-6-1-15-10-5
19,15,0.7894736842105263,1,19,1,True,8.671119018262734e-16,0.0,0.0,0-15-11-7-3-18-14-10-6-2-17-13-9-5-1-16-12-8-4
19,16,0.8421052631578947,1,19,1,True,1.0934428697813141e-15,0.0,0.0,0-16-13-10-7-4-1-17-14-11-8-5-2-18-15-12-9-6-3
19,17,0.8947368421052632,1,19,1,True,1.4895204919483639e-15,0.0,0.0,0-17-15-13-11-9-7-5-3-1-18-16-14-12-10-8-6-4-2
19,18,0.9473684210526315,1,19,1,True,1.1060518526157679e-15,0.0,0.0,0-18-17-16-15-14-13-12-11-10-9-8-7-6-5-4-3-2-1
20,0,0.0,20,1,20,False,0.0,0.0,,0 | 1 | 2 | 3 | 4 | 5 | 6 | 7 | 8 | 9 | 10 | 11 | 12 | 13 | 14 | 15 | 16 | 17 | 18 | 19
20,1,0.05,1,20,1,True,4.965068306494546e-16,0.0,0.0,0-1-2-3-4-5-6-7-8-9-10-11-12-13-14-15-16-17-18-19
20,2,0.1,2,10,2,False,5.117875266520904e-16,0.0,,0-2-4-6-8-10-12-14-16-18 | 1-3-5-7-9-11-13-15-17-19
20,3,0.15,1,20,1,True,4.0412728104402656e-16,0.0,0.0,0-3-6-9-12-15-18-1-4-7-10-13-16-19-2-5-8-11-14-17
20,4,0.2,4,5,4,False,4.0412728104402656e-16,0.0,,0-4-8-12-16 | 1-5-9-13-17 | 2-6-10-14-18 | 3-7-11-15-19
20,5,0.25,5,4,5,False,4.0412728104402656e-16,0.0,,0-5-10-15 | 1-6-11-16 | 2-7-12-17 | 3-8-13-18 | 4-9-14-19
20,6,0.3,2,10,2,False,4.710277376051326e-16,0.0,,0-6-12-18-4-10-16-2-8-14 | 1-7-13-19-5-11-17-3-9-15
20,7,0.35,1,20,1,True,4.0029660424867215e-16,0.0,0.0,0-7-14-1-8-15-2-9-16-3-10-17-4-11-18-5-12-19-6-13
20,8,0.4,4,5,4,False,4.965068306494546e-16,0.0,,0-8-16-4-12 | 1-9-17-5-13 | 2-10-18-6-14 | 3-11-19-7-15
20,9,0.45,1,20,1,True,6.29750312562688e-16,0.0,0.0,0-9-18-7-16-5-14-3-12-1-10-19-8-17-6-15-4-13-2-11
20,10,0.5,10,2,10,False,6.497413668604471e-16,0.0,,0-10 | 1-11 | 2-12 | 3-13 | 4-14 | 5-15 | 6-16 | 7-17 | 8-18 | 9-19
20,11,0.55,1,20,1,True,1.1102230246251565e-15,0.0,0.0,0-11-2-13-4-15-6-17-8-19-10-1-12-3-14-5-16-7-18-9
20,12,0.6,4,5,4,False,6.280369834735101e-16,0.0,,0-12-4-16-8 | 1-13-5-17-9 | 2-14-6-18-10 | 3-15-7-19-11
20,13,0.65,1,20,1,True,6.497413668604471e-16,0.0,0.0,0-13-6-19-12-5-18-11-4-17-10-3-16-9-2-15-8-1-14-7
20,14,0.7,2,10,2,False,6.217864727212881e-16,0.0,,0-14-8-2-16-10-4-18-12-6 | 1-15-9-3-17-11-5-19-13-7
20,15,0.75,5,4,5,False,6.497413668604471e-16,0.0,,0-15-10-5 | 1-16-11-6 | 2-17-12-7 | 3-18-13-8 | 4-19-14-9
20,16,0.8,4,5,4,False,7.108895957933346e-16,0.0,,0-16-12-8-4 | 1-17-13-9-5 | 2-18-14-10-6 | 3-19-15-11-7
20,17,0.85,1,20,1,True,7.108895957933346e-16,0.0,0.0,0-17-14-11-8-5-2-19-16-13-10-7-4-1-18-15-12-9-6-3
20,18,0.9,2,10,2,False,7.301351988545592e-16,0.0,,0-18-16-14-12-10-8-6-4-2 | 1-19-17-15-13-11-9-7-5-3
20,19,0.95,1,20,1,True,6.738190863417261e-16,0.0,0.0,0-19-18-17-16-15-14-13-12-11-10-9-8-7-6-5-4-3-2-1
21,0,0.0,21,1,21,False,0.0,0.0,,0 | 1 | 2 | 3 | 4 | 5 | 6 | 7 | 8 | 9 | 10 | 11 | 12 | 13 | 14 | 15 | 16 | 17 | 18 | 19 | 20
21,1,0.047619047619047616,1,21,1,True,6.497413668604471e-16,0.0,0.0,0-1-2-3-4-5-6-7-8-9-10-11-12-13-14-15-16-17-18-19-20
21,2,0.09523809523809523,1,21,1,True,1.2008898127460164e-15,0.0,0.0,0-2-4-6-8-10-12-14-16-18-20-1-3-5-7-9-11-13-15-17-19
21,3,0.14285714285714285,3,7,3,False,9.43689570931383e-16,0.0,,0-3-6-9-12-15-18 | 1-4-7-10-13-16-19 | 2-5-8-11-14-17-20
21,4,0.19047619047619047,1,21,1,True,8.005932084973443e-16,0.0,0.0,0-4-8-12-16-20-3-7-11-15-19-2-6-10-14-18-1-5-9-13-17
21,5,0.23809523809523808,1,21,1,True,8.671119018262734e-16,0.0,0.0,0-5-10-15-20-4-9-14-19-3-8-13-18-2-7-12-17-1-6-11-16
21,6,0.2857142857142857,3,7,3,False,1.0007415106216803e-15,0.0,,0-6-12-18-3-9-15 | 1-7-13-19-4-10-16 | 2-8-14-20-5-11-17
21,7,0.3333333333333333,7,3,7,False,9.226380847435024e-16,0.0,,0-7-14 | 1-8-15 | 2-9-16 | 3-10-17 | 4-11-18 | 5-12-19 | 6-13-20
21,8,0.38095238095238093,1,21,1,True,7.28550816809042e-16,0.0,0.0,0-8-16-3-11-19-6-14-1-9-17-4-12-20-7-15-2-10-18-5-13
21,9,0.42857142857142855,3,7,3,False,7.550332863779066e-16,0.0,,0-9-18-6-15-3-12 | 1-10-19-7-16-4-13 | 2-11-20-8-17-5-14
21,10,0.47619047619047616,1,21,1,True,1.1102230246251565e-15,0.0,0.0,0-10-20-9-19-8-18-7-17-6-16-5-15-4-14-3-13-2-12-1-11
21,11,0.5238095238095238,1,21,1,True,1.1060518526157679e-15,0.0,0.0,0-11-1-12-2-13-3-14-4-15-5-16-6-17-7-18-8-19-9-20-10
21,12,0.5714285714285714,3,7,3,False,6.206335383118183e-16,0.0,,0-12-3-15-6-18-9 | 1-13-4-16-7-19-10 | 2-14-5-17-8-20-11
21,13,0.6190476190476191,1,21,1,True,8.95090418262362e-16,0.0,0.0,0-13-5-18-10-2-15-7-20-12-4-17-9-1-14-6-19-11-3-16-8
21,14,0.6666666666666666,7,3,7,False,1.247457973265988e-15,0.0,,0-14-7 | 1-15-8 | 2-16-9 | 3-17-10 | 4-18-11 | 5-19-12 | 6-20-13
21,15,0.7142857142857143,3,7,3,False,1.1801832636420706e-15,0.0,,0-15-9-3-18-12-6 | 1-16-10-4-19-13-7 | 2-17-11-5-20-14-8
21,16,0.7619047619047619,1,21,1,True,8.95090418262362e-16,0.0,0.0,0-16-11-6-1-17-12-7-2-18-13-8-3-19-14-9-4-20-15-10-5
21,17,0.8095238095238095,1,21,1,True,1.2008898127460164e-15,0.0,0.0,0-17-13-9-5-1-18-14-10-6-2-19-15-11-7-3-20-16-12-8-4
21,18,0.8571428571428571,3,7,3,False,1.1060518526157679e-15,0.0,,0-18-15-12-9-6-3 | 1-19-16-13-10-7-4 | 2-20-17-14-11-8-5
21,19,0.9047619047619048,1,21,1,True,1.9389211565826713e-15,0.0,0.0,0-19-17-15-13-11-9-7-5-3-1-20-18-16-14-12-10-8-6-4-2
21,20,0.9523809523809523,1,21,1,True,1.1801832636420706e-15,0.0,0.0,0-20-19-18-17-16-15-14-13-12-11-10-9-8-7-6-5-4-3-2-1
22,0,0.0,22,1,22,False,0.0,0.0,,0 | 1 | 2 | 3 | 4 | 5 | 6 | 7 | 8 | 9 | 10 | 11 | 12 | 13 | 14 | 15 | 16 | 17 | 18 | 19 | 20 | 21
22,1,0.045454545454545456,1,22,1,True,8.005932084973443e-16,0.0,0.0,0-1-2-3-4-5-6-7-8-9-10-11-12-13-14-15-16-17-18-19-20-21
22,2,0.09090909090909091,2,11,2,False,7.447602459741819e-16,0.0,,0-2-4-6-8-10-12-14-16-18-20 | 1-3-5-7-9-11-13-15-17-19-21
22,3,0.13636363636363635,1,22,1,True,7.213598586330969e-16,0.0,0.0,0-3-6-9-12-15-18-21-2-5-8-11-14-17-20-1-4-7-10-13-16-19
22,4,0.18181818181818182,2,11,2,False,6.753223014464258e-16,0.0,,0-4-8-12-16-20-2-6-10-14-18 | 1-5-9-13-17-21-3-7-11-15-19
22,5,0.22727272727272727,1,22,1,True,9.550499576785472e-16,0.0,0.0,0-5-10-15-20-3-8-13-18-1-6-11-16-21-4-9-14-19-2-7-12-17
22,6,0.2727272727272727,2,11,2,False,8.617648093045562e-16,0.0,,0-6-12-18-2-8-14-20-4-10-16 | 1-7-13-19-3-9-15-21-5-11-17
22,7,0.3181818181818182,1,22,1,True,9.620261650923171e-16,0.0,0.0,0-7-14-21-6-13-20-5-12-19-4-11-18-3-10-17-2-9-16-1-8-15
22,8,0.36363636363636365,2,11,2,False,8.400361489980554e-16,0.0,,0-8-16-2-10-18-4-12-20-6-14 | 1-9-17-3-11-19-5-13-21-7-15
22,9,0.4090909090909091,1,22,1,True,1.047382306668854e-15,0.0,0.0,0-9-18-5-14-1-10-19-6-15-2-11-20-7-16-3-12-21-8-17-4-13
22,10,0.45454545454545453,2,11,2,False,8.455206652451151e-16,0.0,,0-10-20-8-18-6-16-4-14-2-12 | 1-11-21-9-19-7-17-5-15-3-13
22,11,0.5,11,2,11,False,1.3414875847488983e-15,0.0,,0-11 | 1-12 | 2-13 | 3-14 | 4-15 | 5-16 | 6-17 | 7-18 | 8-19 | 9-20 | 10-21
22,12,0.5454545454545454,2,11,2,False,1.1433814963738287e-15,0.0,,0-12-2-14-4-16-6-18-8-20-10 | 1-13-3-15-5-17-7-19-9-21-11
22,13,0.5909090909090909,1,22,1,True,7.550332863779066e-16,0.0,0.0,0-13-4-17-8-21-12-3-16-7-20-11-2-15-6-19-10-1-14-5-18-9
22,14,0.6363636363636364,2,11,2,False,9.485749680535094e-16,0.0,,0-14-6-20-12-4-18-10-2-16-8 | 1-15-7-21-13-5-19-11-3-17-9
22,15,0.6818181818181818,1,22,1,True,1.577923392343183e-15,0.0,0.0,0-15-8-1-16-9-2-17-10-3-18-11-4-19-12-5-20-13-6-21-14-7
22,16,0.7272727272727273,2,11,2,False,7.447602459741819e-16,0.0,,0-16-10-4-20-14-8-2-18-12-6 | 1-17-11-5-21-15-9-3-19-13-7
22,17,0.7727272727272727,1,22,1,True,1.0778315928076987e-15,0.0,0.0,0-17-12-7-2-19-14-9-4-21-16-11-6-1-18-13-8-3-20-15-10-5
22,18,0.8181818181818182,2,11,2,False,8.455206652451151e-16,0.0,,0-18-14-10-6-2-20-16-12-8-4 | 1-19-15-11-7-3-21-17-13-9-5
22,19,0.8636363636363636,1,22,1,True,1.2412670766236366e-15,0.0,0.0,0-19-16-13-10-7-4-1-20-17-14-11-8-5-2-21-18-15-12-9-6-3
22,20,0.9090909090909091,2,11,2,False,7.850462293418876e-16,0.0,,0-20-18-16-14-12-10-8-6-4-2 | 1-21-19-17-15-13-11-9-7-5-3
22,21,0.9545454545454546,1,22,1,True,7.108895957933346e-16,0.0,0.0,0-21-20-19-18-17-16-15-14-13-12-11-10-9-8-7-6-5-4-3-2-1
23,0,0.0,23,1,23,False,0.0,0.0,,0 | 1 | 2 | 3 | 4 | 5 | 6 | 7 | 8 | 9 | 10 | 11 | 12 | 13 | 14 | 15 | 16 | 17 | 18 | 19 | 20 | 21 | 22
23,1,0.043478260869565216,1,23,1,True,1.0053497077208614e-15,0.0,0.0,0-1-2-3-4-5-6-7-8-9-10-11-12-13-14-15-16-17-18-19-20-21-22
23,2,0.08695652173913043,1,23,1,True,1.0948510389028342e-15,0.0,0.0,0-2-4-6-8-10-12-14-16-18-20-22-1-3-5-7-9-11-13-15-17-19-21
23,3,0.13043478260869565,1,23,1,True,9.930136612989092e-16,0.0,0.0,0-3-6-9-12-15-18-21-1-4-7-10-13-16-19-22-2-5-8-11-14-17-20
23,4,0.17391304347826086,1,23,1,True,1.0235750533041806e-15,0.0,0.0,0-4-8-12-16-20-1-5-9-13-17-21-2-6-10-14-18-22-3-7-11-15-19
23,5,0.21739130434782608,1,23,1,True,1.5632082117998628e-15,0.0,0.0,0-5-10-15-20-2-7-12-17-22-4-9-14-19-1-6-11-16-21-3-8-13-18
23,6,0.2608695652173913,1,23,1,True,1.1157603309187458e-15,0.0,0.0,0-6-12-18-1-7-13-19-2-8-14-20-3-9-15-21-4-10-16-22-5-11-17
23,7,0.30434782608695654,1,23,1,True,9.088626701255177e-16,0.0,0.0,0-7-14-21-5-12-19-3-10-17-1-8-15-22-6-13-20-4-11-18-2-9-16
23,8,0.34782608695652173,1,23,1,True,1.0532500405730103e-15,0.0,0.0,0-8-16-1-9-17-2-10-18-3-11-19-4-12-20-5-13-21-6-14-22-7-15
23,9,0.391304347826087,1,23,1,True,1.047382306668854e-15,0.0,0.0,0-9-18-4-13-22-8-17-3-12-21-7-16-2-11-20-6-15-1-10-19-5-14
23,10,0.43478260869565216,1,23,1,True,8.617648093045562e-16,0.0,0.0,0-10-20-7-17-4-14-1-11-21-8-18-5-15-2-12-22-9-19-6-16-3-13
23,11,0.4782608695652174,1,23,1,True,1.5393713663616246e-15,0.0,0.0,0-11-22-10-21-9-20-8-19-7-18-6-17-5-16-4-15-3-14-2-13-1-12
23,12,0.5217391304347826,1,23,1,True,8.617648093045562e-16,0.0,0.0,0-12-1-13-2-14-3-15-4-16-5-17-6-18-7-19-8-20-9-21-10-22-11
23,13,0.5652173913043478,1,23,1,True,9.155133597044475e-16,0.0,0.0,0-13-3-16-6-19-9-22-12-2-15-5-18-8-21-11-1-14-4-17-7-20-10
23,14,0.6086956521739131,1,23,1,True,1.1443916996305592e-15,0.0,0.0,0-14-5-19-10-1-15-6-20-11-2-16-7-21-12-3-17-8-22-13-4-18-9
23,15,0.6521739130434783,1,23,1,True,1.0235750533041806e-15,0.0,0.0,0-15-7-22-14-6-21-13-5-20-12-4-19-11-3-18-10-2-17-9-1-16-8
23,16,0.6956521739130435,1,23,1,True,1.2008898127460164e-15,0.0,0.0,0-16-9-2-18-11-4-20-13-6-22-15-8-1-17-10-3-19-12-5-21-14-7
23,17,0.7391304347826086,1,23,1,True,1.5624688148904796e-15,0.0,0.0,0-17-11-5-22-16-10-4-21-15-9-3-20-14-8-2-19-13-7-1-18-12-6
23,18,0.782608695652174,1,23,1,True,1.987626749397768e-15,0.0,0.0,0-18-13-8-3-21-16-11-6-1-19-14-9-4-22-17-12-7-2-20-15-10-5
23,19,0.8260869565217391,1,23,1,True,1.2008898127460164e-15,0.0,0.0,0-19-15-11-7-3-22-18-14-10-6-2-21-17-13-9-5-1-20-16-12-8-4
23,20,0.8695652173913043,1,23,1,True,1.0778315928076987e-15,0.0,0.0,0-20-17-14-11-8-5-2-22-19-16-13-10-7-4-1-21-18-15-12-9-6-3
23,21,0.9130434782608695,1,23,1,True,1.1295700899707568e-15,0.0,0.0,0-21-19-17-15-13-11-9-7-5-3-1-22-20-18-16-14-12-10-8-6-4-2
23,22,0.9565217391304348,1,23,1,True,1.987626749397768e-15,0.0,0.0,0-22-21-20-19-18-17-16-15-14-13-12-11-10-9-8-7-6-5-4-3-2-1
24,0,0.0,24,1,24,False,0.0,0.0,,0 | 1 | 2 | 3 | 4 | 5 | 6 | 7 | 8 | 9 | 10 | 11 | 12 | 13 | 14 | 15 | 16 | 17 | 18 | 19 | 20 | 21 | 22 | 23
24,1,0.041666666666666664,1,24,1,True,8.720589733338592e-16,0.0,0.0,0-1-2-3-4-5-6-7-8-9-10-11-12-13-14-15-16-17-18-19-20-21-22-23
24,2,0.08333333333333333,2,12,2,False,8.617648093045562e-16,0.0,,0-2-4-6-8-10-12-14-16-18-20-22 | 1-3-5-7-9-11-13-15-17-19-21-23
24,3,0.125,3,8,3,False,9.485749680535094e-16,0.0,,0-3-6-9-12-15-18-21 | 1-4-7-10-13-16-19-22 | 2-5-8-11-14-17-20-23
24,4,0.16666666666666666,4,6,4,False,9.420554752102651e-16,0.0,,0-4-8-12-16-20 | 1-5-9-13-17-21 | 2-6-10-14-18-22 | 3-7-11-15-19-23
24,5,0.20833333333333334,1,24,1,True,7.108895957933346e-16,0.0,0.0,0-5-10-15-20-1-6-11-16-21-2-7-12-17-22-3-8-13-18-23-4-9-14-19
24,6,0.25,6,4,6,False,9.155133597044475e-16,0.0,,0-6-12-18 | 1-7-13-19 | 2-8-14-20 | 3-9-15-21 | 4-10-16-22 | 5-11-17-23
24,7,0.2916666666666667,1,24,1,True,8.961350319724052e-16,0.0,0.0,0-7-14-21-4-11-18-1-8-15-22-5-12-19-2-9-16-23-6-13-20-3-10-17
24,8,0.3333333333333333,8,3,8,False,9.155133597044475e-16,0.0,,0-8-16 | 1-9-17 | 2-10-18 | 3-11-19 | 4-12-20 | 5-13-21 | 6-14-22 | 7-15-23
24,9,0.375,3,8,3,False,6.572319354818714e-16,0.0,,0-9-18-3-12-21-6-15 | 1-10-19-4-13-22-7-16 | 2-11-20-5-14-23-8-17
24,10,0.4166666666666667,2,12,2,False,9.155133597044475e-16,0.0,,0-10-20-6-16-2-12-22-8-18-4-14 | 1-11-21-7-17-3-13-23-9-19-5-15
24,11,0.4583333333333333,1,24,1,True,1.191874962812805e-15,0.0,0.0,0-11-22-9-20-7-18-5-16-3-14-1-12-23-10-21-8-19-6-17-4-15-2-13
24,12,0.5,12,2,12,False,7.550332863779066e-16,0.0,,0-12 | 1-13 | 2-14 | 3-15 | 4-16 | 5-17 | 6-18 | 7-19 | 8-20 | 9-21 | 10-22 | 11-23
24,13,0.5416666666666666,1,24,1,True,9.155133597044475e-16,0.0,0.0,0-13-2-15-4-17-6-19-8-21-10-23-12-1-14-3-16-5-18-7-20-9-22-11
24,14,0.5833333333333334,2,12,2,False,1.2123818431320796e-15,0.0,,0-14-4-18-8-22-12-2-16-6-20-10 | 1-15-5-19-9-23-13-3-17-7-21-11
24,15,0.625,3,8,3,False,1.0948510389028342e-15,0.0,,0-15-6-21-12-3-18-9 | 1-16-7-22-13-4-19-10 | 2-17-8-23-14-5-20-11
24,16,0.6666666666666666,8,3,8,False,9.155133597044475e-16,0.0,,0-16-8 | 1-17-9 | 2-18-10 | 3-19-11 | 4-20-12 | 5-21-13 | 6-22-14 | 7-23-15
24,17,0.7083333333333334,1,24,1,True,9.155133597044475e-16,0.0,0.0,0-17-10-3-20-13-6-23-16-9-2-19-12-5-22-15-8-1-18-11-4-21-14-7
24,18,0.75,6,4,6,False,1.1322097734007353e-15,0.0,,0-18-12-6 | 1-19-13-7 | 2-20-14-8 | 3-21-15-9 | 4-22-16-10 | 5-23-17-11
24,19,0.7916666666666666,1,24,1,True,1.159106867033638e-15,0.0,0.0,0-19-14-9-4-23-18-13-8-3-22-17-12-7-2-21-16-11-6-1-20-15-10-5
24,20,0.8333333333333334,4,6,4,False,8.968100940422724e-16,0.0,,0-20-16-12-8-4 | 1-21-17-13-9-5 | 2-22-18-14-10-6 | 3-23-19-15-11-7
24,21,0.875,3,8,3,False,1.191874962812805e-15,0.0,,0-21-18-15-12-9-6-3 | 1-22-19-16-13-10-7-4 | 2-23-20-17-14-11-8-5
24,22,0.9166666666666666,2,12,2,False,1.159106867033638e-15,0.0,,0-22-20-18-16-14-12-10-8-6-4-2 | 1-23-21-19-17-15-13-11-9-7-5-3
24,23,0.9583333333333334,1,24,1,True,1.2123818431320796e-15,0.0,0.0,0-23-22-21-20-19-18-17-16-15-14-13-12-11-10-9-8-7-6-5-4-3-2-1
25,0,0.0,25,1,25,False,0.0,0.0,,0 | 1 | 2 | 3 | 4 | 5 | 6 | 7 | 8 | 9 | 10 | 11 | 12 | 13 | 14 | 15 | 16 | 17 | 18 | 19 | 20 | 21 | 22 | 23 | 24
25,1,0.04,1,25,1,True,7.108895957933346e-16,0.0,0.0,0-1-2-3-4-5-6-7-8-9-10-11-12-13-14-15-16-17-18-19-20-21-22-23-24
25,2,0.08,1,25,1,True,1.1518563880486e-15,0.0,0.0,0-2-4-6-8-10-12-14-16-18-20-22-24-1-3-5-7-9-11-13-15-17-19-21-23
25,3,0.12,1,25,1,True,1.0235750533041808e-15,0.0,0.0,0-3-6-9-12-15-18-21-24-2-5-8-11-14-17-20-23-1-4-7-10-13-16-19-22
25,4,0.16,1,25,1,True,8.968100940422724e-16,0.0,0.0,0-4-8-12-16-20-24-3-7-11-15-19-23-2-6-10-14-18-22-1-5-9-13-17-21
25,5,0.2,5,5,5,False,9.420554752102651e-16,0.0,,0-5-10-15-20 | 1-6-11-16-21 | 2-7-12-17-22 | 3-8-13-18-23 | 4-9-14-19-24
25,6,0.24,1,25,1,True,1.3426356273935429e-15,0.0,0.0,0-6-12-18-24-5-11-17-23-4-10-16-22-3-9-15-21-2-8-14-20-1-7-13-19
25,7,0.28,1,25,1,True,1.1060518526157679e-15,0.0,0.0,0-7-14-21-3-10-17-24-6-13-20-2-9-16-23-5-12-19-1-8-15-22-4-11-18
25,8,0.32,1,25,1,True,8.617648093045562e-16,0.0,0.0,0-8-16-24-7-15-23-6-14-22-5-13-21-4-12-20-3-11-19-2-10-18-1-9-17
25,9,0.36,1,25,1,True,9.155133597044475e-16,0.0,0.0,0-9-18-2-11-20-4-13-22-6-15-24-8-17-1-10-19-3-12-21-5-14-23-7-16
25,10,0.4,5,5,5,False,1.0934428697813141e-15,0.0,,0-10-20-5-15 | 1-11-21-6-16 | 2-12-22-7-17 | 3-13-23-8-18 | 4-14-24-9-19
25,11,0.44,1,25,1,True,1.1801832636420706e-15,0.0,0.0,0-11-22-8-19-5-16-2-13-24-10-21-7-18-4-15-1-12-23-9-20-6-17-3-14
25,12,0.48,1,25,1,True,1.1102230246251565e-15,0.0,0.0,0-12-24-11-23-10-22-9-21-8-20-7-19-6-18-5-17-4-16-3-15-2-14-1-13
25,13,0.52,1,25,1,True,8.473409486550037e-16,0.0,0.0,0-13-1-14-2-15-3-16-4-17-5-18-6-19-7-20-8-21-9-22-10-23-11-24-12
25,14,0.56,1,25,1,True,9.104505742017336e-16,0.0,0.0,0-14-3-17-6-20-9-23-12-1-15-4-18-7-21-10-24-13-2-16-5-19-8-22-11
25,15,0.6,5,5,5,False,1.5426208345814821e-15,0.0,,0-15-5-20-10 | 1-16-6-21-11 | 2-17-7-22-12 | 3-18-8-23-13 | 4-19-9-24-14
25,16,0.64,1,25,1,True,1.1430445635548515e-15,0.0,0.0,0-16-7-23-14-5-21-12-3-19-10-1-17-8-24-15-6-22-13-4-20-11-2-18-9
25,17,0.68,1,25,1,True,1.3426356273935429e-15,0.0,0.0,0-17-9-1-18-10-2-19-11-3-20-12-4-21-13-5-22-14-6-23-15-7-24-16-8
25,18,0.72,1,25,1,True,1.1102230246251565e-15,0.0,0.0,0-18-11-4-22-15-8-1-19-12-5-23-16-9-2-20-13-6-24-17-10-3-21-14-7
25,19,0.76,1,25,1,True,1.9860273225978185e-15,0.0,0.0,0-19-13-7-1-20-14-8-2-21-15-9-3-22-16-10-4-23-17-11-5-24-18-12-6
25,20,0.8,5,5,5,False,1.159439132159291e-15,0.0,,0-20-15-10-5 | 1-21-16-11-6 | 2-22-17-12-7 | 3-23-18-13-8 | 4-24-19-14-9
25,21,0.84,1,25,1,True,1.191874962812805e-15,0.0,0.0,0-21-17-13-9-5-1-22-18-14-10-6-2-23-19-15-11-7-3-24-20-16-12-8-4
25,22,0.88,1,25,1,True,1.2008898127460164e-15,0.0,0.0,0-22-19-16-13-10-7-4-1-23-20-17-14-11-8-5-2-24-21-18-15-12-9-6-3
25,23,0.92,1,25,1,True,2.0014830212433605e-15,0.0,0.0,0-23-21-19-17-15-13-11-9-7-5-3-1-24-22-20-18-16-14-12-10-8-6-4-2
25,24,0.96,1,25,1,True,1.1801832636420706e-15,0.0,0.0,0-24-23-22-21-20-19-18-17-16-15-14-13-12-11-10-9-8-7-6-5-4-3-2-1
26,0,0.0,26,1,26,False,0.0,0.0,,0 | 1 | 2 | 3 | 4 | 5 | 6 | 7 | 8 | 9 | 10 | 11 | 12 | 13 | 14 | 15 | 16 | 17 | 18 | 19 | 20 | 21 | 22 | 23 | 24 | 25
26,1,0.038461538461538464,1,26,1,True,1.047382306668854e-15,0.0,0.0,0-1-2-3-4-5-6-7-8-9-10-11-12-13-14-15-16-17-18-19-20-21-22-23-24-25
26,2,0.07692307692307693,2,13,2,False,1.4010381148703524e-15,0.0,,0-2-4-6-8-10-12-14-16-18-20-22-24 | 1-3-5-7-9-11-13-15-17-19-21-23-25
26,3,0.11538461538461539,1,26,1,True,1.1060518526157679e-15,0.0,0.0,0-3-6-9-12-15-18-21-24-1-4-7-10-13-16-19-22-25-2-5-8-11-14-17-20-23
26,4,0.15384615384615385,2,13,2,False,1.2810987281296213e-15,0.0,,0-4-8-12-16-20-24-2-6-10-14-18-22 | 1-5-9-13-17-21-25-3-7-11-15-19-23
26,5,0.19230769230769232,1,26,1,True,1.0506869391606442e-15,0.0,0.0,0-5-10-15-20-25-4-9-14-19-24-3-8-13-18-23-2-7-12-17-22-1-6-11-16-21
26,6,0.23076923076923078,2,13,2,False,1.0934428697813141e-15,0.0,,0-6-12-18-24-4-10-16-22-2-8-14-20 | 1-7-13-19-25-5-11-17-23-3-9-15-21
26,7,0.2692307692307692,1,26,1,True,1.336885555457667e-15,0.0,0.0,0-7-14-21-2-9-16-23-4-11-18-25-6-13-20-1-8-15-22-3-10-17-24-5-12-19
26,8,0.3076923076923077,2,13,2,False,1.1801832636420706e-15,0.0,,0-8-16-24-6-14-22-4-12-20-2-10-18 | 1-9-17-25-7-15-23-5-13-21-3-11-19
26,9,0.34615384615384615,1,26,1,True,1.355199909595506e-15,0.0,0.0,0-9-18-1-10-19-2-11-20-3-12-21-4-13-22-5-14-23-6-15-24-7-16-25-8-17
26,10,0.38461538461538464,2,13,2,False,1.2947314098277873e-15,0.0,,0-10-20-4-14-24-8-18-2-12-22-6-16 | 1-11-21-5-15-25-9-19-3-13-23-7-17
26,11,0.4230769230769231,1,26,1,True,1.627492381707443e-15,0.0,0.0,0-11-22-7-18-3-14-25-10-21-6-17-2-13-24-9-20-5-16-1-12-23-8-19-4-15
26,12,0.46153846153846156,2,13,2,False,1.2947314098277873e-15,0.0,,0-12-24-10-22-8-20-6-18-4-16-2-14 | 1-13-25-11-23-9-21-7-19-5-17-3-15
26,13,0.5,13,2,13,False,1.355199909595506e-15,0.0,,0-13 | 1-14 | 2-15 | 3-16 | 4-17 | 5-18 | 6-19 | 7-20 | 8-21 | 9-22 | 10-23 | 11-24 | 12-25
26,14,0.5384615384615384,2,13,2,False,1.5700924586837751e-15,0.0,,0-14-2-16-4-18-6-20-8-22-10-24-12 | 1-15-3-17-5-19-7-21-9-23-11-25-13
26,15,0.5769230769230769,1,26,1,True,1.1431346657756793e-15,0.0,0.0,0-15-4-19-8-23-12-1-16-5-20-9-24-13-2-17-6-21-10-25-14-3-18-7-22-11
26,16,0.6153846153846154,2,13,2,False,1.5624688148904796e-15,0.0,,0-16-6-22-12-2-18-8-24-14-4-20-10 | 1-17-7-23-13-3-19-9-25-15-5-21-11
26,17,0.6538461538461539,1,26,1,True,1.6027232580649486e-15,0.0,0.0,0-17-8-25-16-7-24-15-6-23-14-5-22-13-4-21-12-3-20-11-2-19-10-1-18-9
26,18,0.6923076923076923,2,13,2,False,1.1322097734007353e-15,0.0,,0-18-10-2-20-12-4-22-14-6-24-16-8 | 1-19-11-3-21-13-5-23-15-7-25-17-9
26,19,0.7307692307692307,1,26,1,True,1.1430445635548515e-15,0.0,0.0,0-19-12-5-24-17-10-3-22-15-8-1-20-13-6-25-18-11-4-23-16-9-2-21-14-7
26,20,0.7692307692307693,2,13,2,False,1.2947314098277873e-15,0.0,,0-20-14-8-2-22-16-10-4-24-18-12-6 | 1-21-15-9-3-23-17-11-5-25-19-13-7
26,21,0.8076923076923077,1,26,1,True,1.1102230246251565e-15,0.0,0.0,0-21-16-11-6-1-22-17-12-7-2-23-18-13-8-3-24-19-14-9-4-25-20-15-10-5
26,22,0.8461538461538461,2,13,2,False,2.092556886098636e-15,0.0,,0-22-18-14-10-6-2-24-20-16-12-8-4 | 1-23-19-15-11-7-3-25-21-17-13-9-5
26,23,0.8846153846153846,1,26,1,True,1.145821296314909e-15,0.0,0.0,0-23-20-17-14-11-8-5-2-25-22-19-16-13-10-7-4-1-24-21-18-15-12-9-6-3
26,24,0.9230769230769231,2,13,2,False,1.542371118540254e-15,0.0,,0-24-22-20-18-16-14-12-10-8-6-4-2 | 1-25-23-21-19-17-15-13-11-9-7-5-3
26,25,0.9615384615384616,1,26,1,True,1.1060518526157679e-15,0.0,0.0,0-25-24-23-22-21-20-19-18-17-16-15-14-13-12-11-10-9-8-7-6-5-4-3-2-1
27,0,0.0,27,1,27,False,0.0,0.0,,0 | 1 | 2 | 3 | 4 | 5 | 6 | 7 | 8 | 9 | 10 | 11 | 12 | 13 | 14 | 15 | 16 | 17 | 18 | 19 | 20 | 21 | 22 | 23 | 24 | 25 | 26
27,1,0.037037037037037035,1,27,1,True,9.155133597044475e-16,0.0,0.0,0-1-2-3-4-5-6-7-8-9-10-11-12-13-14-15-16-17-18-19-20-21-22-23-24-25-26
27,2,0.07407407407407407,1,27,1,True,1.0269562977782698e-15,0.0,0.0,0-2-4-6-8-10-12-14-16-18-20-22-24-26-1-3-5-7-9-11-13-15-17-19-21-23-25
27,3,0.1111111111111111,3,9,3,False,1.0329400704738531e-15,0.0,,0-3-6-9-12-15-18-21-24 | 1-4-7-10-13-16-19-22-25 | 2-5-8-11-14-17-20-23-26
27,4,0.14814814814814814,1,27,1,True,1.0506869391606442e-15,0.0,0.0,0-4-8-12-16-20-24-1-5-9-13-17-21-25-2-6-10-14-18-22-26-3-7-11-15-19-23
27,5,0.18518518518518517,1,27,1,True,7.021666937153402e-16,0.0,0.0,0-5-10-15-20-25-3-8-13-18-23-1-6-11-16-21-26-4-9-14-19-24-2-7-12-17-22
27,6,0.2222222222222222,3,9,3,False,1.1060518526157679e-15,0.0,,0-6-12-18-24-3-9-15-21 | 1-7-13-19-25-4-10-16-22 | 2-8-14-20-26-5-11-17-23
27,7,0.25925925925925924,1,27,1,True,1.1060518526157679e-15,0.0,0.0,0-7-14-21-1-8-15-22-2-9-16-23-3-10-17-24-4-11-18-25-5-12-19-26-6-13-20
27,8,0.2962962962962963,1,27,1,True,1.159439132159291e-15,0.0,0.0,0-8-16-24-5-13-21-2-10-18-26-7-15-23-4-12-20-1-9-17-25-6-14-22-3-11-19
27,9,0.3333333333333333,9,3,9,False,8.711006819470244e-16,0.0,,0-9-18 | 1-10-19 | 2-11-20 | 3-12-21 | 4-13-22 | 5-14-23 | 6-15-24 | 7-16-25 | 8-17-26
27,10,0.37037037037037035,1,27,1,True,8.95090418262362e-16,0.0,0.0,0-10-20-3-13-23-6-16-26-9-19-2-12-22-5-15-25-8-18-1-11-21-4-14-24-7-17
27,11,0.4074074074074074,1,27,1,True,1.4043333874306805e-15,0.0,0.0,0-11-22-6-17-1-12-23-7-18-2-13-24-8-19-3-14-25-9-20-4-15-26-10-21-5-16
27,12,0.4444444444444444,3,9,3,False,8.886119947416683e-16,0.0,,0-12-24-9-21-6-18-3-15 | 1-13-25-10-22-7-19-4-16 | 2-14-26-11-23-8-20-5-17
27,13,0.48148148148148145,1,27,1,True,1.0934428697813141e-15,0.0,0.0,0-13-26-12-25-11-24-10-23-9-22-8-21-7-20-6-19-5-18-4-17-3-16-2-15-1-14
27,14,0.5185185185185185,1,27,1,True,8.886119947416683e-16,0.0,0.0,0-14-1-15-2-16-3-17-4-18-5-19-6-20-7-21-8-22-9-23-10-24-11-25-12-26-13
27,15,0.5555555555555556,3,9,3,False,1.4043333874306805e-15,0.0,,0-15-3-18-6-21-9-24-12 | 1-16-4-19-7-22-10-25-13 | 2-17-5-20-8-23-11-26-14
27,16,0.5925925925925926,1,27,1,True,1.1322097734007353e-15,0.0,0.0,0-16-5-21-10-26-15-4-20-9-25-14-3-19-8-24-13-2-18-7-23-12-1-17-6-22-11
27,17,0.6296296296296297,1,27,1,True,9.226380847435024e-16,0.0,0.0,0-17-7-24-14-4-21-11-1-18-8-25-15-5-22-12-2-19-9-26-16-6-23-13-3-20-10
27,18,0.6666666666666666,9,3,9,False,1.1379786002407855e-15,0.0,,0-18-9 | 1-19-10 | 2-20-11 | 3-21-12 | 4-22-13 | 5-23-14 | 6-24-15 | 7-25-16 | 8-26-17
27,19,0.7037037037037037,1,27,1,True,1.1060518526157679e-15,0.0,0.0,0-19-11-3-22-14-6-25-17-9-1-20-12-4-23-15-7-26-18-10-2-21-13-5-24-16-8
27,20,0.7407407407407407,1,27,1,True,1.145821296314909e-15,0.0,0.0,0-20-13-6-26-19-12-5-25-18-11-4-24-17-10-3-23-16-9-2-22-15-8-1-21-14-7
27,21,0.7777777777777778,3,9,3,False,1.5220238780510563e-15,0.0,,0-21-15-9-3-24-18-12-6 | 1-22-16-10-4-25-19-13-7 | 2-23-17-11-5-26-20-14-8
27,22,0.8148148148148148,1,27,1,True,1.1379786002407855e-15,0.0,0.0,0-22-17-12-7-2-24-19-14-9-4-26-21-16-11-6-1-23-18-13-8-3-25-20-15-10-5
27,23,0.8518518518518519,1,27,1,True,1.1433814963738287e-15,0.0,0.0,0-23-19-15-11-7-3-26-22-18-14-10-6-2-25-21-17-13-9-5-1-24-20-16-12-8-4
27,24,0.8888888888888888,3,9,3,False,1.2262814116578437e-15,0.0,,0-24-21-18-15-12-9-6-3 | 1-25-22-19-16-13-10-7-4 | 2-26-23-20-17-14-11-8-5
27,25,0.9259259259259259,1,27,1,True,1.1433814963738287e-15,0.0,0.0,0-25-23-21-19-17-15-13-11-9-7-5-3-1-26-24-22-20-18-16-14-12-10-8-6-4-2
27,26,0.9629629629629629,1,27,1,True,1.542371118540254e-15,0.0,0.0,0-26-25-24-23-22-21-20-19-18-17-16-15-14-13-12-11-10-9-8-7-6-5-4-3-2-1
28,0,0.0,28,1,28,False,0.0,0.0,,0 | 1 | 2 | 3 | 4 | 5 | 6 | 7 | 8 | 9 | 10 | 11 | 12 | 13 | 14 | 15 | 16 | 17 | 18 | 19 | 20 | 21 | 22 | 23 | 24 | 25 | 26 | 27
28,1,0.03571428571428571,1,28,1,True,9.155133597044475e-16,0.0,0.0,0-1-2-3-4-5-6-7-8-9-10-11-12-13-14-15-16-17-18-19-20-21-22-23-24-25-26-27
28,2,0.07142857142857142,2,14,2,False,9.550499576785472e-16,0.0,,0-2-4-6-8-10-12-14-16-18-20-22-24-26 | 1-3-5-7-9-11-13-15-17-19-21-23-25-27
28,3,0.10714285714285714,1,28,1,True,8.968100940422724e-16,0.0,0.0,0-3-6-9-12-15-18-21-24-27-2-5-8-11-14-17-20-23-26-1-4-7-10-13-16-19-22-25
28,4,0.14285714285714285,4,7,4,False,1.793620188084545e-15,0.0,,0-4-8-12-16-20-24 | 1-5-9-13-17-21-25 | 2-6-10-14-18-22-26 | 3-7-11-15-19-23-27
28,5,0.17857142857142858,1,28,1,True,1.4054300946555646e-15,0.0,0.0,0-5-10-15-20-25-2-7-12-17-22-27-4-9-14-19-24-1-6-11-16-21-26-3-8-13-18-23
28,6,0.21428571428571427,2,14,2,False,1.122138229473498e-15,0.0,,0-6-12-18-24-2-8-14-20-26-4-10-16-22 | 1-7-13-19-25-3-9-15-21-27-5-11-17-23
28,7,0.25,7,4,7,False,1.1322097734007353e-15,0.0,,0-7-14-21 | 1-8-15-22 | 2-9-16-23 | 3-10-17-24 | 4-11-18-25 | 5-12-19-26 | 6-13-20-27
28,8,0.2857142857142857,4,7,4,False,1.191874962812805e-15,0.0,,0-8-16-24-4-12-20 | 1-9-17-25-5-13-21 | 2-10-18-26-6-14-22 | 3-11-19-27-7-15-23
28,9,0.32142857142857145,1,28,1,True,1.3506446028928517e-15,0.0,0.0,0-9-18-27-8-17-26-7-16-25-6-15-24-5-14-23-4-13-22-3-12-21-2-11-20-1-10-19
28,10,0.35714285714285715,2,14,2,False,1.1102230246251565e-15,0.0,,0-10-20-2-12-22-4-14-24-6-16-26-8-18 | 1-11-21-3-13-23-5-15-25-7-17-27-9-19
28,11,0.39285714285714285,1,28,1,True,1.787596980229968e-15,0.0,0.0,0-11-22-5-16-27-10-21-4-15-26-9-20-3-14-25-8-19-2-13-24-7-18-1-12-23-6-17
28,12,0.42857142857142855,4,7,4,False,1.2123818431320796e-15,0.0,,0-12-24-8-20-4-16 | 1-13-25-9-21-5-17 | 2-14-26-10-22-6-18 | 3-15-27-11-23-7-19
28,13,0.4642857142857143,1,28,1,True,1.577923392343183e-15,0.0,0.0,0-13-26-11-24-9-22-7-20-5-18-3-16-1-14-27-12-25-10-23-8-21-6-19-4-17-2-15
28,14,0.5,14,2,14,False,1.1322097734007353e-15,0.0,,0-14 | 1-15 | 2-16 | 3-17 | 4-18 | 5-19 | 6-20 | 7-21 | 8-22 | 9-23 | 10-24 | 11-25 | 12-26 | 13-27
28,15,0.5357142857142857,1,28,1,True,1.787596980229968e-15,0.0,0.0,0-15-2-17-4-19-6-21-8-23-10-25-12-27-14-1-16-3-18-5-20-7-22-9-24-11-26-13
28,16,0.5714285714285714,4,7,4,False,1.1102230246251565e-15,0.0,,0-16-4-20-8-24-12 | 1-17-5-21-9-25-13 | 2-18-6-22-10-26-14 | 3-19-7-23-11-27-15
28,17,0.6071428571428571,1,28,1,True,1.5353625799562712e-15,0.0,0.0,0-17-6-23-12-1-18-7-24-13-2-19-8-25-14-3-20-9-26-15-4-21-10-27-16-5-22-11
28,18,0.6428571428571429,2,14,2,False,1.1443916996305592e-15,0.0,,0-18-8-26-16-6-24-14-4-22-12-2-20-10 | 1-19-9-27-17-7-25-15-5-23-13-3-21-11
28,19,0.6785714285714286,1,28,1,True,1.6432144662310227e-15,0.0,0.0,0-19-10-1-20-11-2-21-12-3-22-13-4-23-14-5-24-15-6-25-16-7-26-17-8-27-18-9
28,20,0.7142857142857143,4,7,4,False,1.1349719764905117e-15,0.0,,0-20-12-4-24-16-8 | 1-21-13-5-25-17-9 | 2-22-14-6-26-18-10 | 3-23-15-7-27-19-11
28,21,0.75,7,4,7,False,9.155133597044475e-16,0.0,,0-21-14-7 | 1-22-15-8 | 2-23-16-9 | 3-24-17-10 | 4-25-18-11 | 5-26-19-12 | 6-27-20-13
28,22,0.7857142857142857,2,14,2,False,2.1355566272775288e-15,0.0,,0-22-16-10-4-26-20-14-8-2-24-18-12-6 | 1-23-17-11-5-27-21-15-9-3-25-19-13-7
28,23,0.8214285714285714,1,28,1,True,1.7342238036525468e-15,0.0,0.0,0-23-18-13-8-3-26-21-16-11-6-1-24-19-14-9-4-27-22-17-12-7-2-25-20-15-10-5
28,24,0.8571428571428571,4,7,4,False,1.589839758910881e-15,0.0,,0-24-20-16-12-8-4 | 1-25-21-17-13-9-5 | 2-26-22-18-14-10-6 | 3-27-23-19-15-11-7
28,25,0.8928571428571429,1,28,1,True,1.1443916996305592e-15,0.0,0.0,0-25-22-19-16-13-10-7-4-1-26-23-20-17-14-11-8-5-2-27-24-21-18-15-12-9-6-3
28,26,0.9285714285714286,2,14,2,False,1.589839758910881e-15,0.0,,0-26-24-22-20-18-16-14-12-10-8-6-4-2 | 1-27-25-23-21-19-17-15-13-11-9-7-5-3
28,27,0.9642857142857143,1,28,1,True,1.191874962812805e-15,0.0,0.0,0-27-26-25-24-23-22-21-20-19-18-17-16-15-14-13-12-11-10-9-8-7-6-5-4-3-2-1
29,0,0.0,29,1,29,False,0.0,0.0,,0 | 1 | 2 | 3 | 4 | 5 | 6 | 7 | 8 | 9 | 10 | 11 | 12 | 13 | 14 | 15 | 16 | 17 | 18 | 19 | 20 | 21 | 22 | 23 | 24 | 25 | 26 | 27 | 28
29,1,0.034482758620689655,1,29,1,True,9.930136612989092e-16,0.0,0.0,0-1-2-3-4-5-6-7-8-9-10-11-12-13-14-15-16-17-18-19-20-21-22-23-24-25-26-27-28
29,2,0.06896551724137931,1,29,1,True,1.1102230246251565e-15,0.0,0.0,0-2-4-6-8-10-12-14-16-18-20-22-24-26-28-1-3-5-7-9-11-13-15-17-19-21-23-25-27
29,3,0.10344827586206896,1,29,1,True,1.2658490090568385e-15,0.0,0.0,0-3-6-9-12-15-18-21-24-27-1-4-7-10-13-16-19-22-25-28-2-5-8-11-14-17-20-23-26
29,4,0.13793103448275862,1,29,1,True,1.2658490090568385e-15,0.0,0.0,0-4-8-12-16-20-24-28-3-7-11-15-19-23-27-2-6-10-14-18-22-26-1-5-9-13-17-21-25
29,5,0.1724137931034483,1,29,1,True,9.639819490876587e-16,0.0,0.0,0-5-10-15-20-25-1-6-11-16-21-26-2-7-12-17-22-27-3-8-13-18-23-28-4-9-14-19-24
29,6,0.20689655172413793,1,29,1,True,9.694605782913356e-16,0.0,0.0,0-6-12-18-24-1-7-13-19-25-2-8-14-20-26-3-9-15-21-27-4-10-16-22-28-5-11-17-23
29,7,0.2413793103448276,1,29,1,True,9.102718244022294e-16,0.0,0.0,0-7-14-21-28-6-13-20-27-5-12-19-26-4-11-18-25-3-10-17-24-2-9-16-23-1-8-15-22
29,8,0.27586206896551724,1,29,1,True,8.349770295452321e-16,0.0,0.0,0-8-16-24-3-11-19-27-6-14-22-1-9-17-25-4-12-20-28-7-15-23-2-10-18-26-5-13-21
29,9,0.3103448275862069,1,29,1,True,1.047382306668854e-15,0.0,0.0,0-9-18-27-7-16-25-5-14-23-3-12-21-1-10-19-28-8-17-26-6-15-24-4-13-22-2-11-20
29,10,0.3448275862068966,1,29,1,True,1.0235750533041806e-15,0.0,0.0,0-10-20-1-11-21-2-12-22-3-13-23-4-14-24-5-15-25-6-16-26-7-17-27-8-18-28-9-19
29,11,0.3793103448275862,1,29,1,True,1.336885555457667e-15,0.0,0.0,0-11-22-4-15-26-8-19-1-12-23-5-16-27-9-20-2-13-24-6-17-28-10-21-3-14-25-7-18
29,12,0.41379310344827586,1,29,1,True,8.8132147742544665e-16,0.0,0.0,0-12-24-7-19-2-14-26-9-21-4-16-28-11-23-6-18-1-13-25-8-20-3-15-27-10-22-5-17
29,13,0.4482758620689655,1,29,1,True,8.882055243408597e-16,0.0,0.0,0-13-26-10-23-7-20-4-17-1-14-27-11-24-8-21-5-18-2-15-28-12-25-9-22-6-19-3-16
29,14,0.4827586206896552,1,29,1,True,9.550499576785472e-16,0.0,0.0,0-14-28-13-27-12-26-11-25-10-24-9-23-8-22-7-21-6-20-5-19-4-18-3-17-2-16-1-15
29,15,0.5172413793103449,1,29,1,True,1.3732700395566711e-15,0.0,0.0,0-15-1-16-2-17-3-18-4-19-5-20-6-21-7-22-8-23-9-24-10-25-11-26-12-27-13-28-14
29,16,0.5517241379310345,1,29,1,True,8.673617379884035e-16,0.0,0.0,0-16-3-19-6-22-9-25-12-28-15-2-18-5-21-8-24-11-27-14-1-17-4-20-7-23-10-26-13
29,17,0.5862068965517241,1,29,1,True,9.694605782913356e-16,0.0,0.0,0-17-5-22-10-27-15-3-20-8-25-13-1-18-6-23-11-28-16-4-21-9-26-14-2-19-7-24-12
29,18,0.6206896551724138,1,29,1,True,1.1430445635548515e-15,0.0,0.0,0-18-7-25-14-3-21-10-28-17-6-24-13-2-20-9-27-16-5-23-12-1-19-8-26-15-4-22-11
29,19,0.6551724137931034,1,29,1,True,1.1430445635548515e-15,0.0,0.0,0-19-9-28-18-8-27-17-7-26-16-6-25-15-5-24-14-4-23-13-3-22-12-2-21-11-1-20-10
29,20,0.6896551724137931,1,29,1,True,1.0778315928076987e-15,0.0,0.0,0-20-11-2-22-13-4-24-15-6-26-17-8-28-19-10-1-21-12-3-23-14-5-25-16-7-27-18-9
29,21,0.7241379310344828,1,29,1,True,7.987869494273747e-16,0.0,0.0,0-21-13-5-26-18-10-2-23-15-7-28-20-12-4-25-17-9-1-22-14-6-27-19-11-3-24-16-8
29,22,0.7586206896551724,1,29,1,True,1.5632082117998628e-15,0.0,0.0,0-22-15-8-1-23-16-9-2-24-17-10-3-25-18-11-4-26-19-12-5-27-20-13-6-28-21-14-7
29,23,0.7931034482758621,1,29,1,True,1.6392246515987586e-15,0.0,0.0,0-23-17-11-5-28-22-16-10-4-27-21-15-9-3-26-20-14-8-2-25-19-13-7-1-24-18-12-6
29,24,0.8275862068965517,1,29,1,True,8.005932084973443e-16,0.0,0.0,0-24-19-14-9-4-28-23-18-13-8-3-27-22-17-12-7-2-26-21-16-11-6-1-25-20-15-10-5
29,25,0.8620689655172413,1,29,1,True,1.5167476120207188e-15,0.0,0.0,0-25-21-17-13-9-5-1-26-22-18-14-10-6-2-27-23-19-15-11-7-3-28-24-20-16-12-8-4
29,26,0.896551724137931,1,29,1,True,1.5167476120207188e-15,0.0,0.0,0-26-23-20-17-14-11-8-5-2-28-25-22-19-16-13-10-7-4-1-27-24-21-18-15-12-9-6-3
29,27,0.9310344827586207,1,29,1,True,1.1801832636420706e-15,0.0,0.0,0-27-25-23-21-19-17-15-13-11-9-7-5-3-1-28-26-24-22-20-18-16-14-12-10-8-6-4-2
29,28,0.9655172413793104,1,29,1,True,1.1102230246251565e-15,0.0,0.0,0-28-27-26-25-24-23-22-21-20-19-18-17-16-15-14-13-12-11-10-9-8-7-6-5-4-3-2-1
30,0,0.0,30,1,30,False,0.0,0.0,,0 | 1 | 2 | 3 | 4 | 5 | 6 | 7 | 8 | 9 | 10 | 11 | 12 | 13 | 14 | 15 | 16 | 17 | 18 | 19 | 20 | 21 | 22 | 23 | 24 | 25 | 26 | 27 | 28 | 29
30,1,0.03333333333333333,1,30,1,True,5.933464366067995e-16,0.0,0.0,0-1-2-3-4-5-6-7-8-9-10-11-12-13-14-15-16-17-18-19-20-21-22-23-24-25-26-27-28-29
30,2,0.06666666666666667,2,15,2,False,7.345266386502274e-16,0.0,,0-2-4-6-8-10-12-14-16-18-20-22-24-26-28 | 1-3-5-7-9-11-13-15-17-19-21-23-25-27-29
30,3,0.1,3,10,3,False,8.671119018262734e-16,0.0,,0-3-6-9-12-15-18-21-24-27 | 1-4-7-10-13-16-19-22-25-28 | 2-5-8-11-14-17-20-23-26-29
30,4,0.13333333333333333,2,15,2,False,1.1801832636420706e-15,0.0,,0-4-8-12-16-20-24-28-2-6-10-14-18-22-26 | 1-5-9-13-17-21-25-29-3-7-11-15-19-23-27
30,5,0.16666666666666666,5,6,5,False,7.550332863779066e-16,0.0,,0-5-10-15-20-25 | 1-6-11-16-21-26 | 2-7-12-17-22-27 | 3-8-13-18-23-28 | 4-9-14-19-24-29
30,6,0.2,6,5,6,False,8.675560052622146e-16,0.0,,0-6-12-18-24 | 1-7-13-19-25 | 2-8-14-20-26 | 3-9-15-21-27 | 4-10-16-22-28 | 5-11-17-23-29
30,7,0.23333333333333334,1,30,1,True,1.1050065994108396e-15,0.0,0.0,0-7-14-21-28-5-12-19-26-3-10-17-24-1-8-15-22-29-6-13-20-27-4-11-18-25-2-9-16-23
30,8,0.26666666666666666,2,15,2,False,9.095015963337334e-16,0.0,,0-8-16-24-2-10-18-26-4-12-20-28-6-14-22 | 1-9-17-25-3-11-19-27-5-13-21-29-7-15-23
30,9,0.3,3,10,3,False,9.43689570931383e-16,0.0,,0-9-18-27-6-15-24-3-12-21 | 1-10-19-28-7-16-25-4-13-22 | 2-11-20-29-8-17-26-5-14-23
30,10,0.3333333333333333,10,3,10,False,9.43689570931383e-16,0.0,,0-10-20 | 1-11-21 | 2-12-22 | 3-13-23 | 4-14-24 | 5-15-25 | 6-16-26 | 7-17-27 | 8-18-28 | 9-19-29
30,11,0.36666666666666664,1,30,1,True,1.2658490090568385e-15,0.0,0.0,0-11-22-3-14-25-6-17-28-9-20-1-12-23-4-15-26-7-18-29-10-21-2-13-24-5-16-27-8-19
30,12,0.4,6,5,6,False,8.005932084973443e-16,0.0,,0-12-24-6-18 | 1-13-25-7-19 | 2-14-26-8-20 | 3-15-27-9-21 | 4-16-28-10-22 | 5-17-29-11-23
30,13,0.43333333333333335,1,30,1,True,8.400361489980554e-16,0.0,0.0,0-13-26-9-22-5-18-1-14-27-10-23-6-19-2-15-28-11-24-7-20-3-16-29-12-25-8-21-4-17
30,14,0.4666666666666667,2,15,2,False,8.95090418262362e-16,0.0,,0-14-28-12-26-10-24-8-22-6-20-4-18-2-16 | 1-15-29-13-27-11-25-9-23-7-21-5-19-3-17
30,15,0.5,15,2,15,False,1.3507158977068527e-15,0.0,,0-15 | 1-16 | 2-17 | 3-18 | 4-19 | 5-20 | 6-21 | 7-22 | 8-23 | 9-24 | 10-25 | 11-26 | 12-27 | 13-28 | 14-29
30,16,0.5333333333333333,2,15,2,False,9.088626701255177e-16,0.0,,0-16-2-18-4-20-6-22-8-24-10-26-12-28-14 | 1-17-3-19-5-21-7-23-9-25-11-27-13-29-15
30,17,0.5666666666666667,1,30,1,True,7.021666937153402e-16,0.0,0.0,0-17-4-21-8-25-12-29-16-3-20-7-24-11-28-15-2-19-6-23-10-27-14-1-18-5-22-9-26-13
30,18,0.6,6,5,6,False,8.617648093045562e-16,0.0,,0-18-6-24-12 | 1-19-7-25-13 | 2-20-8-26-14 | 3-21-9-27-15 | 4-22-10-28-16 | 5-23-11-29-17
30,19,0.6333333333333333,1,30,1,True,9.155133597044475e-16,0.0,0.0,0-19-8-27-16-5-24-13-2-21-10-29-18-7-26-15-4-23-12-1-20-9-28-17-6-25-14-3-22-11
30,20,0.6666666666666666,10,3,10,False,1.1060518526157679e-15,0.0,,0-20-10 | 1-21-11 | 2-22-12 | 3-23-13 | 4-24-14 | 5-25-15 | 6-26-16 | 7-27-17 | 8-28-18 | 9-29-19
30,21,0.7,3,10,3,False,1.0532500405730103e-15,0.0,,0-21-12-3-24-15-6-27-18-9 | 1-22-13-4-25-16-7-28-19-10 | 2-23-14-5-26-17-8-29-20-11
30,22,0.7333333333333333,2,15,2,False,1.5624688148904796e-15,0.0,,0-22-14-6-28-20-12-4-26-18-10-2-24-16-8 | 1-23-15-7-29-21-13-5-27-19-11-3-25-17-9
30,23,0.7666666666666667,1,30,1,True,1.1060518526157679e-15,0.0,0.0,0-23-16-9-2-25-18-11-4-27-20-13-6-29-22-15-8-1-24-17-10-3-26-19-12-5-28-21-14-7
30,24,0.8,6,5,6,False,7.447602459741819e-16,0.0,,0-24-18-12-6 | 1-25-19-13-7 | 2-26-20-14-8 | 3-27-21-15-9 | 4-28-22-16-10 | 5-29-23-17-11
30,25,0.8333333333333334,5,6,5,False,7.447602459741819e-16,0.0,,0-25-20-15-10-5 | 1-26-21-16-11-6 | 2-27-22-17-12-7 | 3-28-23-18-13-8 | 4-29-24-19-14-9
30,26,0.8666666666666667,2,15,2,False,1.4060466165506381e-15,0.0,,0-26-22-18-14-10-6-2-28-24-20-16-12-8-4 | 1-27-23-19-15-11-7-3-29-25-21-17-13-9-5
30,27,0.9,3,10,3,False,7.550332863779066e-16,0.0,,0-27-24-21-18-15-12-9-6-3 | 1-28-25-22-19-16-13-10-7-4 | 2-29-26-23-20-17-14-11-8-5
30,28,0.9333333333333333,2,15,2,False,6.938893903907228e-16,0.0,,0-28-26-24-22-20-18-16-14-12-10-8-6-4-2 | 1-29-27-25-23-21-19-17-15-13-11-9-7-5-3
30,29,0.9666666666666667,1,30,1,True,7.108895957933346e-16,0.0,0.0,0-29-28-27-26-25-24-23-22-21-20-19-18-17-16-15-14-13-12-11-10-9-8-7-6-5-4-3-2-1
31,0,0.0,31,1,31,False,0.0,0.0,,0 | 1 | 2 | 3 | 4 | 5 | 6 | 7 | 8 | 9 | 10 | 11 | 12 | 13 | 14 | 15 | 16 | 17 | 18 | 19 | 20 | 21 | 22 | 23 | 24 | 25 | 26 | 27 | 28 | 29 | 30
31,1,0.03225806451612903,1,31,1,True,1.1083096227359111e-15,0.0,0.0,0-1-2-3-4-5-6-7-8-9-10-11-12-13-14-15-16-17-18-19-20-21-22-23-24-25-26-27-28-29-30
31,2,0.06451612903225806,1,31,1,True,1.1050065994108396e-15,0.0,0.0,0-2-4-6-8-10-12-14-16-18-20-22-24-26-28-30-1-3-5-7-9-11-13-15-17-19-21-23-25-27-29
31,3,0.0967741935483871,1,31,1,True,1.0755285551056204e-15,0.0,0.0,0-3-6-9-12-15-18-21-24-27-30-2-5-8-11-14-17-20-23-26-29-1-4-7-10-13-16-19-22-25-28
31,4,0.12903225806451613,1,31,1,True,1.1102230246251565e-15,0.0,0.0,0-4-8-12-16-20-24-28-1-5-9-13-17-21-25-29-2-6-10-14-18-22-26-30-3-7-11-15-19-23-27
31,5,0.16129032258064516,1,31,1,True,1.1157603309187458e-15,0.0,0.0,0-5-10-15-20-25-30-4-9-14-19-24-29-3-8-13-18-23-28-2-7-12-17-22-27-1-6-11-16-21-26
31,6,0.1935483870967742,1,31,1,True,1.2008898127460164e-15,0.0,0.0,0-6-12-18-24-30-5-11-17-23-29-4-10-16-22-28-3-9-15-21-27-2-8-14-20-26-1-7-13-19-25
31,7,0.22580645161290322,1,31,1,True,1.1443916996305592e-15,0.0,0.0,0-7-14-21-28-4-11-18-25-1-8-15-22-29-5-12-19-26-2-9-16-23-30-6-13-20-27-3-10-17-24
31,8,0.25806451612903225,1,31,1,True,1.1050065994108396e-15,0.0,0.0,0-8-16-24-1-9-17-25-2-10-18-26-3-11-19-27-4-12-20-28-5-13-21-29-6-14-22-30-7-15-23
31,9,0.2903225806451613,1,31,1,True,1.1379786002407855e-15,0.0,0.0,0-9-18-27-5-14-23-1-10-19-28-6-15-24-2-11-20-29-7-16-25-3-12-21-30-8-17-26-4-13-22
31,10,0.3225806451612903,1,31,1,True,1.3780300886286245e-15,0.0,0.0,0-10-20-30-9-19-29-8-18-28-7-17-27-6-16-26-5-15-25-4-14-24-3-13-23-2-12-22-1-11-21
31,11,0.3548387096774194,1,31,1,True,1.5905664321074658e-15,0.0,0.0,0-11-22-2-13-24-4-15-26-6-17-28-8-19-30-10-21-1-12-23-3-14-25-5-16-27-7-18-29-9-20
31,12,0.3870967741935484,1,31,1,True,9.485749680535094e-16,0.0,0.0,0-12-24-5-17-29-10-22-3-15-27-8-20-1-13-25-6-18-30-11-23-4-16-28-9-21-2-14-26-7-19
31,13,0.41935483870967744,1,31,1,True,1.346360005220471e-15,0.0,0.0,0-13-26-8-21-3-16-29-11-24-6-19-1-14-27-9-22-4-17-30-12-25-7-20-2-15-28-10-23-5-18
31,14,0.45161290322580644,1,31,1,True,1.1430445635548515e-15,0.0,0.0,0-14-28-11-25-8-22-5-19-2-16-30-13-27-10-24-7-21-4-18-1-15-29-12-26-9-23-6-20-3-17
31,15,0.4838709677419355,1,31,1,True,1.5463617361248926e-15,0.0,0.0,0-15-30-14-29-13-28-12-27-11-26-10-25-9-24-8-23-7-22-6-21-5-20-4-19-3-18-2-17-1-16
31,16,0.5161290322580645,1,31,1,True,9.088626701255177e-16,0.0,0.0,0-16-1-17-2-18-3-19-4-20-5-21-6-22-7-23-8-24-9-25-10-26-11-27-12-28-13-29-14-30-15
31,17,0.5483870967741935,1,31,1,True,1.3194850017056127e-15,0.0,0.0,0-17-3-20-6-23-9-26-12-29-15-1-18-4-21-7-24-10-27-13-30-16-2-19-5-22-8-25-11-28-14
31,18,0.5806451612903226,1,31,1,True,1.5353625799562712e-15,0.0,0.0,0-18-5-23-10-28-15-2-20-7-25-12-30-17-4-22-9-27-14-1-19-6-24-11-29-16-3-21-8-26-13
31,19,0.6129032258064516,1,31,1,True,1.191874962812805e-15,0.0,0.0,0-19-7-26-14-2-21-9-28-16-4-23-11-30-18-6-25-13-1-20-8-27-15-3-22-10-29-17-5-24-12
31,20,0.6451612903225806,1,31,1,True,1.3780300886286245e-15,0.0,0.0,0-20-9-29-18-7-27-16-5-25-14-3-23-12-1-21-10-30-19-8-28-17-6-26-15-4-24-13-2-22-11
31,21,0.6774193548387096,1,31,1,True,1.1102230246251565e-15,0.0,0.0,0-21-11-1-22-12-2-23-13-3-24-14-4-25-15-5-26-16-6-27-17-7-28-18-8-29-19-9-30-20-10
31,22,0.7096774193548387,1,31,1,True,2.0380985511143445e-15,0.0,0.0,0-22-13-4-26-17-8-30-21-12-3-25-16-7-29-20-11-2-24-15-6-28-19-10-1-23-14-5-27-18-9
31,23,0.7419354838709677,1,31,1,True,1.5100665727558131e-15,0.0,0.0,0-23-15-7-30-22-14-6-29-21-13-5-28-20-12-4-27-19-11-3-26-18-10-2-25-17-9-1-24-16-8
31,24,0.7741935483870968,1,31,1,True,1.1050065994108396e-15,0.0,0.0,0-24-17-10-3-27-20-13-6-30-23-16-9-2-26-19-12-5-29-22-15-8-1-25-18-11-4-28-21-14-7
31,25,0.8064516129032258,1,31,1,True,1.1157603309187458e-15,0.0,0.0,0-25-19-13-7-1-26-20-14-8-2-27-21-15-9-3-28-22-16-10-4-29-23-17-11-5-30-24-18-12-6
31,26,0.8387096774193549,1,31,1,True,1.1322097734007353e-15,0.0,0.0,0-26-21-16-11-6-1-27-22-17-12-7-2-28-23-18-13-8-3-29-24-19-14-9-4-30-25-20-15-10-5
31,27,0.8709677419354839,1,31,1,True,1.0778315928076987e-15,0.0,0.0,0-27-23-19-15-11-7-3-30-26-22-18-14-10-6-2-29-25-21-17-13-9-5-1-28-24-20-16-12-8-4
31,28,0.9032258064516129,1,31,1,True,1.2008898127460164e-15,0.0,0.0,0-28-25-22-19-16-13-10-7-4-1-29-26-23-20-17-14-11-8-5-2-30-27-24-21-18-15-12-9-6-3
31,29,0.9354838709677419,1,31,1,True,1.1102230246251565e-15,0.0,0.0,0-29-27-25-23-21-19-17-15-13-11-9-7-5-3-1-30-28-26-24-22-20-18-16-14-12-10-8-6-4-2
31,30,0.967741935483871,1,31,1,True,2.0358293740687926e-15,0.0,0.0,0-30-29-28-27-26-25-24-23-22-21-20-19-18-17-16-15-14-13-12-11-10-9-8-7-6-5-4-3-2-1
32,0,0.0,32,1,32,False,0.0,0.0,,0 | 1 | 2 | 3 | 4 | 5 | 6 | 7 | 8 | 9 | 10 | 11 | 12 | 13 | 14 | 15 | 16 | 17 | 18 | 19 | 20 | 21 | 22 | 23 | 24 | 25 | 26 | 27 | 28 | 29 | 30 | 31
32,1,0.03125,1,32,1,True,7.108895957933346e-16,0.0,0.0,0-1-2-3-4-5-6-7-8-9-10-11-12-13-14-15-16-17-18-19-20-21-22-23-24-25-26-27-28-29-30-31
32,2,0.0625,2,16,2,False,6.535290861122659e-16,0.0,,0-2-4-6-8-10-12-14-16-18-20-22-24-26-28-30 | 1-3-5-7-9-11-13-15-17-19-21-23-25-27-29-31
32,3,0.09375,1,32,1,True,7.301351988545592e-16,0.0,0.0,0-3-6-9-12-15-18-21-24-27-30-1-4-7-10-13-16-19-22-25-28-31-2-5-8-11-14-17-20-23-26-29
32,4,0.125,4,8,4,False,8.968100940422724e-16,0.0,,0-4-8-12-16-20-24-28 | 1-5-9-13-17-21-25-29 | 2-6-10-14-18-22-26-30 | 3-7-11-15-19-23-27-31
32,5,0.15625,1,32,1,True,7.108895957933346e-16,0.0,0.0,0-5-10-15-20-25-30-3-8-13-18-23-28-1-6-11-16-21-26-31-4-9-14-19-24-29-2-7-12-17-22-27
32,6,0.1875,2,16,2,False,7.850462293418876e-16,0.0,,0-6-12-18-24-30-4-10-16-22-28-2-8-14-20-26 | 1-7-13-19-25-31-5-11-17-23-29-3-9-15-21-27
32,7,0.21875,1,32,1,True,7.108895957933346e-16,0.0,0.0,0-7-14-21-28-3-10-17-24-31-6-13-20-27-2-9-16-23-30-5-12-19-26-1-8-15-22-29-4-11-18-25
32,8,0.25,8,4,8,False,6.497413668604471e-16,0.0,,0-8-16-24 | 1-9-17-25 | 2-10-18-26 | 3-11-19-27 | 4-12-20-28 | 5-13-21-29 | 6-14-22-30 | 7-15-23-31
32,9,0.28125,1,32,1,True,7.021666937153402e-16,0.0,0.0,0-9-18-27-4-13-22-31-8-17-26-3-12-21-30-7-16-25-2-11-20-29-6-15-24-1-10-19-28-5-14-23
32,10,0.3125,2,16,2,False,6.574937663668053e-16,0.0,,0-10-20-30-8-18-28-6-16-26-4-14-24-2-12-22 | 1-11-21-31-9-19-29-7-17-27-5-15-25-3-13-23
32,11,0.34375,1,32,1,True,8.95090418262362e-16,0.0,0.0,0-11-22-1-12-23-2-13-24-3-14-25-4-15-26-5-16-27-6-17-28-7-18-29-8-19-30-9-20-31-10-21
32,12,0.375,4,8,4,False,7.447602459741819e-16,0.0,,0-12-24-4-16-28-8-20 | 1-13-25-5-17-29-9-21 | 2-14-26-6-18-30-10-22 | 3-15-27-7-19-31-11-23
32,13,0.40625,1,32,1,True,8.968100940422724e-16,0.0,0.0,0-13-26-7-20-1-14-27-8-21-2-15-28-9-22-3-16-29-10-23-4-17-30-11-24-5-18-31-12-25-6-19
32,14,0.4375,2,16,2,False,7.108895957933346e-16,0.0,,0-14-28-10-24-6-20-2-16-30-12-26-8-22-4-18 | 1-15-29-11-25-7-21-3-17-31-13-27-9-23-5-19
32,15,0.46875,1,32,1,True,1.1102230246251565e-15,0.0,0.0,0-15-30-13-28-11-26-9-24-7-22-5-20-3-18-1-16-31-14-29-12-27-10-25-8-23-6-21-4-19-2-17
32,16,0.5,16,2,16,False,6.497413668604471e-16,0.0,,0-16 | 1-17 | 2-18 | 3-19 | 4-20 | 5-21 | 6-22 | 7-23 | 8-24 | 9-25 | 10-26 | 11-27 | 12-28 | 13-29 | 14-30 | 15-31
32,17,0.53125,1,32,1,True,8.455206652451151e-16,0.0,0.0,0-17-2-19-4-21-6-23-8-25-10-27-12-29-14-31-16-1-18-3-20-5-22-7-24-9-26-11-28-13-30-15
32,18,0.5625,2,16,2,False,7.108895957933346e-16,0.0,,0-18-4-22-8-26-12-30-16-2-20-6-24-10-28-14 | 1-19-5-23-9-27-13-31-17-3-21-7-25-11-29-15
32,19,0.59375,1,32,1,True,1.1322097734007353e-15,0.0,0.0,0-19-6-25-12-31-18-5-24-11-30-17-4-23-10-29-16-3-22-9-28-15-2-21-8-27-14-1-20-7-26-13
32,20,0.625,4,8,4,False,7.550332863779066e-16,0.0,,0-20-8-28-16-4-24-12 | 1-21-9-29-17-5-25-13 | 2-22-10-30-18-6-26-14 | 3-23-11-31-19-7-27-15
32,21,0.65625,1,32,1,True,6.661338147750939e-16,0.0,0.0,0-21-10-31-20-9-30-19-8-29-18-7-28-17-6-27-16-5-26-15-4-25-14-3-24-13-2-23-12-1-22-11
32,22,0.6875,2,16,2,False,1.1986424564952127e-15,0.0,,0-22-12-2-24-14-4-26-16-6-28-18-8-30-20-10 | 1-23-13-3-25-15-5-27-17-7-29-19-9-31-21-11
32,23,0.71875,1,32,1,True,1.1801832636420706e-15,0.0,0.0,0-23-14-5-28-19-10-1-24-15-6-29-20-11-2-25-16-7-30-21-12-3-26-17-8-31-22-13-4-27-18-9
32,24,0.75,8,4,8,False,6.955527313080394e-16,0.0,,0-24-16-8 | 1-25-17-9 | 2-26-18-10 | 3-27-19-11 | 4-28-20-12 | 5-29-21-13 | 6-30-22-14 | 7-31-23-15
32,25,0.78125,1,32,1,True,7.550332863779066e-16,0.0,0.0,0-25-18-11-4-29-22-15-8-1-26-19-12-5-30-23-16-9-2-27-20-13-6-31-24-17-10-3-28-21-14-7
32,26,0.8125,2,16,2,False,9.485749680535094e-16,0.0,,0-26-20-14-8-2-28-22-16-10-4-30-24-18-12-6 | 1-27-21-15-9-3-29-23-17-11-5-31-25-19-13-7
32,27,0.84375,1,32,1,True,1.159106867033638e-15,0.0,0.0,0-27-22-17-12-7-2-29-24-19-14-9-4-31-26-21-16-11-6-1-28-23-18-13-8-3-30-25-20-15-10-5
32,28,0.875,4,8,4,False,1.191874962812805e-15,0.0,,0-28-24-20-16-12-8-4 | 1-29-25-21-17-13-9-5 | 2-30-26-22-18-14-10-6 | 3-31-27-23-19-15-11-7
32,29,0.90625,1,32,1,True,7.550332863779066e-16,0.0,0.0,0-29-26-23-20-17-14-11-8-5-2-31-28-25-22-19-16-13-10-7-4-1-30-27-24-21-18-15-12-9-6-3
32,30,0.9375,2,16,2,False,1.2008898127460164e-15,0.0,,0-30-28-26-24-22-20-18-16-14-12-10-8-6-4-2 | 1-31-29-27-25-23-21-19-17-15-13-11-9-7-5-3
32,31,0.96875,1,32,1,True,1.2008898127460164e-15,0.0,0.0,0-31-30-29-28-27-26-25-24-23-22-21-20-19-18-17-16-15-14-13-12-11-10-9-8-7-6-5-4-3-2-1
33,0,0.0,33,1,33,False,0.0,0.0,,0 | 1 | 2 | 3 | 4 | 5 | 6 | 7 | 8 | 9 | 10 | 11 | 12 | 13 | 14 | 15 | 16 | 17 | 18 | 19 | 20 | 21 | 22 | 23 | 24 | 25 | 26 | 27 | 28 | 29 | 30 | 31 | 32
33,1,0.030303030303030304,1,33,1,True,7.108895957933346e-16,0.0,0.0,0-1-2-3-4-5-6-7-8-9-10-11-12-13-14-15-16-17-18-19-20-21-22-23-24-25-26-27-28-29-30-31-32
33,2,0.06060606060606061,1,33,1,True,8.005932084973443e-16,0.0,0.0,0-2-4-6-8-10-12-14-16-18-20-22-24-26-28-30-32-1-3-5-7-9-11-13-15-17-19-21-23-25-27-29-31
33,3,0.09090909090909091,3,11,3,False,8.004530024749363e-16,0.0,,0-3-6-9-12-15-18-21-24-27-30 | 1-4-7-10-13-16-19-22-25-28-31 | 2-5-8-11-14-17-20-23-26-29-32
33,4,0.12121212121212122,1,33,1,True,9.550499576785472e-16,0.0,0.0,0-4-8-12-16-20-24-28-32-3-7-11-15-19-23-27-31-2-6-10-14-18-22-26-30-1-5-9-13-17-21-25-29
33,5,0.15151515151515152,1,33,1,True,8.968100940422724e-16,0.0,0.0,0-5-10-15-20-25-30-2-7-12-17-22-27-32-4-9-14-19-24-29-1-6-11-16-21-26-31-3-8-13-18-23-28
33,6,0.18181818181818182,3,11,3,False,7.447602459741819e-16,0.0,,0-6-12-18-24-30-3-9-15-21-27 | 1-7-13-19-25-31-4-10-16-22-28 | 2-8-14-20-26-32-5-11-17-23-29
33,7,0.21212121212121213,1,33,1,True,8.675560052622146e-16,0.0,0.0,0-7-14-21-28-2-9-16-23-30-4-11-18-25-32-6-13-20-27-1-8-15-22-29-3-10-17-24-31-5-12-19-26
33,8,0.24242424242424243,1,33,1,True,8.671119018262734e-16,0.0,0.0,0-8-16-24-32-7-15-23-31-6-14-22-30-5-13-21-29-4-12-20-28-3-11-19-27-2-10-18-26-1-9-17-25
33,9,0.2727272727272727,3,11,3,False,8.968100940422724e-16,0.0,,0-9-18-27-3-12-21-30-6-15-24 | 1-10-19-28-4-13-22-31-7-16-25 | 2-11-20-29-5-14-23-32-8-17-26
33,10,0.30303030303030304,1,33,1,True,8.95090418262362e-16,0.0,0.0,0-10-20-30-7-17-27-4-14-24-1-11-21-31-8-18-28-5-15-25-2-12-22-32-9-19-29-6-16-26-3-13-23
33,11,0.3333333333333333,11,3,11,False,8.95090418262362e-16,0.0,,0-11-22 | 1-12-23 | 2-13-24 | 3-14-25 | 4-15-26 | 5-16-27 | 6-17-28 | 7-18-29 | 8-19-30 | 9-20-31 | 10-21-32
33,12,0.36363636363636365,3,11,3,False,7.021666937153402e-16,0.0,,0-12-24-3-15-27-6-18-30-9-21 | 1-13-25-4-16-28-7-19-31-10-22 | 2-14-26-5-17-29-8-20-32-11-23
33,13,0.3939393939393939,1,33,1,True,8.005932084973443e-16,0.0,0.0,0-13-26-6-19-32-12-25-5-18-31-11-24-4-17-30-10-23-3-16-29-9-22-2-15-28-8-21-1-14-27-7-20
33,14,0.42424242424242425,1,33,1,True,7.108895957933346e-16,0.0,0.0,0-14-28-9-23-4-18-32-13-27-8-22-3-17-31-12-26-7-21-2-16-30-11-25-6-20-1-15-29-10-24-5-19
33,15,0.45454545454545453,3,11,3,False,1.0990647210786425e-15,0.0,,0-15-30-12-27-9-24-6-21-3-18 | 1-16-31-13-28-10-25-7-22-4-19 | 2-17-32-14-29-11-26-8-23-5-20
33,16,0.48484848484848486,1,33,1,True,1.0235750533041806e-15,0.0,0.0,0-16-32-15-31-14-30-13-29-12-28-11-27-10-26-9-25-8-24-7-23-6-22-5-21-4-20-3-19-2-18-1-17
33,17,0.5151515151515151,1,33,1,True,8.005932084973443e-16,0.0,0.0,0-17-1-18-2-19-3-20-4-21-5-22-6-23-7-24-8-25-9-26-10-27-11-28-12-29-13-30-14-31-15-32-16
33,18,0.5454545454545454,3,11,3,False,7.850462293418876e-16,0.0,,0-18-3-21-6-24-9-27-12-30-15 | 1-19-4-22-7-25-10-28-13-31-16 | 2-20-5-23-8-26-11-29-14-32-17
33,19,0.5757575757575758,1,33,1,True,1.1433814963738287e-15,0.0,0.0,0-19-5-24-10-29-15-1-20-6-25-11-30-16-2-21-7-26-12-31-17-3-22-8-27-13-32-18-4-23-9-28-14
33,20,0.6060606060606061,1,33,1,True,8.95090418262362e-16,0.0,0.0,0-20-7-27-14-1-21-8-28-15-2-22-9-29-16-3-23-10-30-17-4-24-11-31-18-5-25-12-32-19-6-26-13
33,21,0.6363636363636364,3,11,3,False,8.968100940422724e-16,0.0,,0-21-9-30-18-6-27-15-3-24-12 | 1-22-10-31-19-7-28-16-4-25-13 | 2-23-11-32-20-8-29-17-5-26-14
33,22,0.6666666666666666,11,3,11,False,1.1102230246251565e-15,0.0,,0-22-11 | 1-23-12 | 2-24-13 | 3-25-14 | 4-26-15 | 5-27-16 | 6-28-17 | 7-29-18 | 8-30-19 | 9-31-20 | 10-32-21
33,23,0.696969696969697,1,33,1,True,1.2008898127460164e-15,0.0,0.0,0-23-13-3-26-16-6-29-19-9-32-22-12-2-25-15-5-28-18-8-31-21-11-1-24-14-4-27-17-7-30-20-10
33,24,0.7272727272727273,3,11,3,False,1.0235750533041806e-15,0.0,,0-24-15-6-30-21-12-3-27-18-9 | 1-25-16-7-31-22-13-4-28-19-10 | 2-26-17-8-32-23-14-5-29-20-11
33,25,0.7575757575757576,1,33,1,True,8.005932084973443e-16,0.0,0.0,0-25-17-9-1-26-18-10-2-27-19-11-3-28-20-12-4-29-21-13-5-30-22-14-6-31-23-15-7-32-24-16-8
33,26,0.7878787878787878,1,33,1,True,1.0429598422709816e-15,0.0,0.0,0-26-19-12-5-31-24-17-10-3-29-22-15-8-1-27-20-13-6-32-25-18-11-4-30-23-16-9-2-28-21-14-7
33,27,0.8181818181818182,3,11,3,False,1.1364755910069913e-15,0.0,,0-27-21-15-9-3-30-24-18-12-6 | 1-28-22-16-10-4-31-25-19-13-7 | 2-29-23-17-11-5-32-26-20-14-8
33,28,0.8484848484848485,1,33,1,True,1.1310397063368782e-15,0.0,0.0,0-28-23-18-13-8-3-31-26-21-16-11-6-1-29-24-19-14-9-4-32-27-22-17-12-7-2-30-25-20-15-10-5
33,29,0.8787878787878788,1,33,1,True,1.1050065994108396e-15,0.0,0.0,0-29-25-21-17-13-9-5-1-30-26-22-18-14-10-6-2-31-27-23-19-15-11-7-3-32-28-24-20-16-12-8-4
33,30,0.9090909090909091,3,11,3,False,1.1310397063368782e-15,0.0,,0-30-27-24-21-18-15-12-9-6-3 | 1-31-28-25-22-19-16-13-10-7-4 | 2-32-29-26-23-20-17-14-11-8-5
33,31,0.9393939393939394,1,33,1,True,1.1801832636420706e-15,0.0,0.0,0-31-29-27-25-23-21-19-17-15-13-11-9-7-5-3-1-32-30-28-26-24-22-20-18-16-14-12-10-8-6-4-2
33,32,0.9696969696969697,1,33,1,True,1.1102230246251565e-15,0.0,0.0,0-32-31-30-29-28-27-26-25-24-23-22-21-20-19-18-17-16-15-14-13-12-11-10-9-8-7-6-5-4-3-2-1
34,0,0.0,34,1,34,False,0.0,0.0,,0 | 1 | 2 | 3 | 4 | 5 | 6 | 7 | 8 | 9 | 10 | 11 | 12 | 13 | 14 | 15 | 16 | 17 | 18 | 19 | 20 | 21 | 22 | 23 | 24 | 25 | 26 | 27 | 28 | 29 | 30 | 31 | 32 | 33
34,1,0.029411764705882353,1,34,1,True,9.550499576785472e-16,0.0,0.0,0-1-2-3-4-5-6-7-8-9-10-11-12-13-14-15-16-17-18-19-20-21-22-23-24-25-26-27-28-29-30-31-32-33
34,2,0.058823529411764705,2,17,2,False,1.0429598422709816e-15,0.0,,0-2-4-6-8-10-12-14-16-18-20-22-24-26-28-30-32 | 1-3-5-7-9-11-13-15-17-19-21-23-25-27-29-31-33
34,3,0.08823529411764706,1,34,1,True,1.212461268062109e-15,0.0,0.0,0-3-6-9-12-15-18-21-24-27-30-33-2-5-8-11-14-17-20-23-26-29-32-1-4-7-10-13-16-19-22-25-28-31
34,4,0.11764705882352941,2,17,2,False,1.3783794434545257e-15,0.0,,0-4-8-12-16-20-24-28-32-2-6-10-14-18-22-26-30 | 1-5-9-13-17-21-25-29-33-3-7-11-15-19-23-27-31
34,5,0.14705882352941177,1,34,1,True,9.485749680535094e-16,0.0,0.0,0-5-10-15-20-25-30-1-6-11-16-21-26-31-2-7-12-17-22-27-32-3-8-13-18-23-28-33-4-9-14-19-24-29
34,6,0.17647058823529413,2,17,2,False,9.550499576785472e-16,0.0,,0-6-12-18-24-30-2-8-14-20-26-32-4-10-16-22-28 | 1-7-13-19-25-31-3-9-15-21-27-33-5-11-17-23-29
34,7,0.20588235294117646,1,34,1,True,8.671119018262734e-16,0.0,0.0,0-7-14-21-28-1-8-15-22-29-2-9-16-23-30-3-10-17-24-31-4-11-18-25-32-5-12-19-26-33-6-13-20-27
34,8,0.23529411764705882,2,17,2,False,7.108895957933346e-16,0.0,,0-8-16-24-32-6-14-22-30-4-12-20-28-2-10-18-26 | 1-9-17-25-33-7-15-23-31-5-13-21-29-3-11-19-27
34,9,0.2647058823529412,1,34,1,True,1.0990647210786425e-15,0.0,0.0,0-9-18-27-2-11-20-29-4-13-22-31-6-15-24-33-8-17-26-1-10-19-28-3-12-21-30-5-14-23-32-7-16-25
34,10,0.29411764705882354,2,17,2,False,8.968100940422724e-16,0.0,,0-10-20-30-6-16-26-2-12-22-32-8-18-28-4-14-24 | 1-11-21-31-7-17-27-3-13-23-33-9-19-29-5-15-25
34,11,0.3235294117647059,1,34,1,True,1.790180836524724e-15,0.0,0.0,0-11-22-33-10-21-32-9-20-31-8-19-30-7-18-29-6-17-28-5-16-27-4-15-26-3-14-25-2-13-24-1-12-23
34,12,0.35294117647058826,2,17,2,False,1.1246883143569124e-15,0.0,,0-12-24-2-14-26-4-16-28-6-18-30-8-20-32-10-22 | 1-13-25-3-15-27-5-17-29-7-19-31-9-21-33-11-23
34,13,0.38235294117647056,1,34,1,True,1.0990647210786425e-15,0.0,0.0,0-13-26-5-18-31-10-23-2-15-28-7-20-33-12-25-4-17-30-9-22-1-14-27-6-19-32-11-24-3-16-29-8-21
34,14,0.4117647058823529,2,17,2,False,1.2911564428300666e-15,0.0,,0-14-28-8-22-2-16-30-10-24-4-18-32-12-26-6-20 | 1-15-29-9-23-3-17-31-11-25-5-19-33-13-27-7-21
34,15,0.4411764705882353,1,34,1,True,1.3369575839890337e-15,0.0,0.0,0-15-30-11-26-7-22-3-18-33-14-29-10-25-6-21-2-17-32-13-28-9-24-5-20-1-16-31-12-27-8-23-4-19
34,16,0.47058823529411764,2,17,2,False,1.0235750533041806e-15,0.0,,0-16-32-14-30-12-28-10-26-8-24-6-22-4-20-2-18 | 1-17-33-15-31-13-29-11-27-9-25-7-23-5-21-3-19
34,17,0.5,17,2,17,False,1.1102230246251565e-15,0.0,,0-17 | 1-18 | 2-19 | 3-20 | 4-21 | 5-22 | 6-23 | 7-24 | 8-25 | 9-26 | 10-27 | 11-28 | 12-29 | 13-30 | 14-31 | 15-32 | 16-33
34,18,0.5294117647058824,2,17,2,False,1.1430445635548515e-15,0.0,,0-18-2-20-4-22-6-24-8-26-10-28-12-30-14-32-16 | 1-19-3-21-5-23-7-25-9-27-11-29-13-31-15-33-17
34,19,0.5588235294117647,1,34,1,True,1.0990647210786425e-15,0.0,0.0,0-19-4-23-8-27-12-31-16-1-20-5-24-9-28-13-32-17-2-21-6-25-10-29-14-33-18-3-22-7-26-11-30-15
34,20,0.5882352941176471,2,17,2,False,9.550499576785472e-16,0.0,,0-20-6-26-12-32-18-4-24-10-30-16-2-22-8-28-14 | 1-21-7-27-13-33-19-5-25-11-31-17-3-23-9-29-15
34,21,0.6176470588235294,1,34,1,True,9.550499576785472e-16,0.0,0.0,0-21-8-29-16-3-24-11-32-19-6-27-14-1-22-9-30-17-4-25-12-33-20-7-28-15-2-23-10-31-18-5-26-13
34,22,0.6470588235294118,2,17,2,False,2.0014830212433605e-15,0.0,,0-22-10-32-20-8-30-18-6-28-16-4-26-14-2-24-12 | 1-23-11-33-21-9-31-19-7-29-17-5-27-15-3-25-13
34,23,0.6764705882352942,1,34,1,True,1.2412670766236366e-15,0.0,0.0,0-23-12-1-24-13-2-25-14-3-26-15-4-27-16-5-28-17-6-29-18-7-30-19-8-31-20-9-32-21-10-33-22-11
34,24,0.7058823529411765,2,17,2,False,1.0990647210786425e-15,0.0,,0-24-14-4-28-18-8-32-22-12-2-26-16-6-30-20-10 | 1-25-15-5-29-19-9-33-23-13-3-27-17-7-31-21-11
34,25,0.7352941176470589,1,34,1,True,1.1801832636420706e-15,0.0,0.0,0-25-16-7-32-23-14-5-30-21-12-3-28-19-10-1-26-17-8-33-24-15-6-31-22-13-4-29-20-11-2-27-18-9
34,26,0.7647058823529411,2,17,2,False,1.1801832636420706e-15,0.0,,0-26-18-10-2-28-20-12-4-30-22-14-6-32-24-16-8 | 1-27-19-11-3-29-21-13-5-31-23-15-7-33-25-17-9
34,27,0.7941176470588235,1,34,1,True,7.28550816809042e-16,0.0,0.0,0-27-20-13-6-33-26-19-12-5-32-25-18-11-4-31-24-17-10-3-30-23-16-9-2-29-22-15-8-1-28-21-14-7
34,28,0.8235294117647058,2,17,2,False,1.6167473892115479e-15,0.0,,0-28-22-16-10-4-32-26-20-14-8-2-30-24-18-12-6 | 1-29-23-17-11-5-33-27-21-15-9-3-31-25-19-13-7
34,29,0.8529411764705882,1,34,1,True,1.212461268062109e-15,0.0,0.0,0-29-24-19-14-9-4-33-28-23-18-13-8-3-32-27-22-17-12-7-2-31-26-21-16-11-6-1-30-25-20-15-10-5
34,30,0.8823529411764706,2,17,2,False,1.900395703982448e-15,0.0,,0-30-26-22-18-14-10-6-2-32-28-24-20-16-12-8-4 | 1-31-27-23-19-15-11-7-3-33-29-25-21-17-13-9-5
34,31,0.9117647058823529,1,34,1,True,1.212461268062109e-15,0.0,0.0,0-31-28-25-22-19-16-13-10-7-4-1-32-29-26-23-20-17-14-11-8-5-2-33-30-27-24-21-18-15-12-9-6-3
34,32,0.9411764705882353,2,17,2,False,1.1102230246251565e-15,0.0,,0-32-30-28-26-24-22-20-18-16-14-12-10-8-6-4-2 | 1-33-31-29-27-25-23-21-19-17-15-13-11-9-7-5-3
34,33,0.9705882352941176,1,34,1,True,7.108895957933346e-16,0.0,0.0,0-33-32-31-30-29-28-27-26-25-24-23-22-21-20-19-18-17-16-15-14-13-12-11-10-9-8-7-6-5-4-3-2-1
35,0,0.0,35,1,35,False,0.0,0.0,,0 | 1 | 2 | 3 | 4 | 5 | 6 | 7 | 8 | 9 | 10 | 11 | 12 | 13 | 14 | 15 | 16 | 17 | 18 | 19 | 20 | 21 | 22 | 23 | 24 | 25 | 26 | 27 | 28 | 29 | 30 | 31 | 32 | 33 | 34
35,1,0.02857142857142857,1,35,1,True,4.710277376051326e-16,0.0,0.0,0-1-2-3-4-5-6-7-8-9-10-11-12-13-14-15-16-17-18-19-20-21-22-23-24-25-26-27-28-29-30-31-32-33-34
35,2,0.05714285714285714,1,35,1,True,4.710277376051326e-16,0.0,0.0,0-2-4-6-8-10-12-14-16-18-20-22-24-26-28-30-32-34-1-3-5-7-9-11-13-15-17-19-21-23-25-27-29-31-33
35,3,0.08571428571428572,1,35,1,True,4.47545209131181e-16,0.0,0.0,0-3-6-9-12-15-18-21-24-27-30-33-1-4-7-10-13-16-19-22-25-28-31-34-2-5-8-11-14-17-20-23-26-29-32
35,4,0.11428571428571428,1,35,1,True,4.649058915617843e-16,0.0,0.0,0-4-8-12-16-20-24-28-32-1-5-9-13-17-21-25-29-33-2-6-10-14-18-22-26-30-34-3-7-11-15-19-23-27-31
35,5,0.14285714285714285,5,7,5,False,4.847302891456678e-16,0.0,,0-5-10-15-20-25-30 | 1-6-11-16-21-26-31 | 2-7-12-17-22-27-32 | 3-8-13-18-23-28-33 | 4-9-14-19-24-29-34
35,6,0.17142857142857143,1,35,1,True,4.710277376051326e-16,0.0,0.0,0-6-12-18-24-30-1-7-13-19-25-31-2-8-14-20-26-32-3-9-15-21-27-33-4-10-16-22-28-34-5-11-17-23-29
35,7,0.2,7,5,7,False,4.710277376051326e-16,0.0,,0-7-14-21-28 | 1-8-15-22-29 | 2-9-16-23-30 | 3-10-17-24-31 | 4-11-18-25-32 | 5-12-19-26-33 | 6-13-20-27-34
35,8,0.22857142857142856,1,35,1,True,5.551115123125783e-16,0.0,0.0,0-8-16-24-32-5-13-21-29-2-10-18-26-34-7-15-23-31-4-12-20-28-1-9-17-25-33-6-14-22-30-3-11-19-27
35,9,0.2571428571428571,1,35,1,True,4.0029660424867215e-16,0.0,0.0,0-9-18-27-1-10-19-28-2-11-20-29-3-12-21-30-4-13-22-31-5-14-23-32-6-15-24-33-7-16-25-34-8-17-26
35,10,0.2857142857142857,5,7,5,False,4.710277376051326e-16,0.0,,0-10-20-30-5-15-25 | 1-11-21-31-6-16-26 | 2-12-22-32-7-17-27 | 3-13-23-33-8-18-28 | 4-14-24-34-9-19-29
35,11,0.3142857142857143,1,35,1,True,6.497413668604471e-16,0.0,0.0,0-11-22-33-9-20-31-7-18-29-5-16-27-3-14-25-1-12-23-34-10-21-32-8-19-30-6-17-28-4-15-26-2-13-24
35,12,0.34285714285714286,1,35,1,True,4.47545209131181e-16,0.0,0.0,0-12-24-1-13-25-2-14-26-3-15-27-4-16-28-5-17-29-6-18-30-7-19-31-8-20-32-9-21-33-10-22-34-11-23
35,13,0.37142857142857144,1,35,1,True,7.033513971443146e-16,0.0,0.0,0-13-26-4-17-30-8-21-34-12-25-3-16-29-7-20-33-11-24-2-15-28-6-19-32-10-23-1-14-27-5-18-31-9-22
35,14,0.4,7,5,7,False,7.575797802392804e-16,0.0,,0-14-28-7-21 | 1-15-29-8-22 | 2-16-30-9-23 | 3-17-31-10-24 | 4-18-32-11-25 | 5-19-33-12-26 | 6-20-34-13-27
35,15,0.42857142857142855,5,7,5,False,7.021666937153402e-16,0.0,,0-15-30-10-25-5-20 | 1-16-31-11-26-6-21 | 2-17-32-12-27-7-22 | 3-18-33-13-28-8-23 | 4-19-34-14-29-9-24
35,16,0.45714285714285713,1,35,1,True,7.447602459741819e-16,0.0,0.0,0-16-32-13-29-10-26-7-23-4-20-1-17-33-14-30-11-27-8-24-5-21-2-18-34-15-31-12-28-9-25-6-22-3-19
35,17,0.4857142857142857,1,35,1,True,6.280369834735101e-16,0.0,0.0,0-17-34-16-33-15-32-14-31-13-30-12-29-11-28-10-27-9-26-8-25-7-24-6-23-5-22-4-21-3-20-2-19-1-18
35,18,0.5142857142857142,1,35,1,True,7.108895957933346e-16,0.0,0.0,0-18-1-19-2-20-3-21-4-22-5-23-6-24-7-25-8-26-9-27-10-28-11-29-12-30-13-31-14-32-15-33-16-34-17
35,19,0.5428571428571428,1,35,1,True,6.955527313080394e-16,0.0,0.0,0-19-3-22-6-25-9-28-12-31-15-34-18-2-21-5-24-8-27-11-30-14-33-17-1-20-4-23-7-26-10-29-13-32-16
35,20,0.5714285714285714,5,7,5,False,6.497413668604471e-16,0.0,,0-20-5-25-10-30-15 | 1-21-6-26-11-31-16 | 2-22-7-27-12-32-17 | 3-23-8-28-13-33-18 | 4-24-9-29-14-34-19
35,21,0.6,7,5,7,False,6.206335383118183e-16,0.0,,0-21-7-28-14 | 1-22-8-29-15 | 2-23-9-30-16 | 3-24-10-31-17 | 4-25-11-32-18 | 5-26-12-33-19 | 6-27-13-34-20
35,22,0.6285714285714286,1,35,1,True,1.124100812432971e-15,0.0,0.0,0-22-9-31-18-5-27-14-1-23-10-32-19-6-28-15-2-24-11-33-20-7-29-16-3-25-12-34-21-8-30-17-4-26-13
35,23,0.6571428571428571,1,35,1,True,7.301351988545592e-16,0.0,0.0,0-23-11-34-22-10-33-21-9-32-20-8-31-19-7-30-18-6-29-17-5-28-16-4-27-15-3-26-14-2-25-13-1-24-12
35,24,0.6857142857142857,1,35,1,True,4.689728996751337e-16,0.0,0.0,0-24-13-2-26-15-4-28-17-6-30-19-8-32-21-10-34-23-12-1-25-14-3-27-16-5-29-18-7-31-20-9-33-22-11
35,25,0.7142857142857143,5,7,5,False,7.108895957933346e-16,0.0,,0-25-15-5-30-20-10 | 1-26-16-6-31-21-11 | 2-27-17-7-32-22-12 | 3-28-18-8-33-23-13 | 4-29-19-9-34-24-14
35,26,0.7428571428571429,1,35,1,True,6.280369834735101e-16,0.0,0.0,0-26-17-8-34-25-16-7-33-24-15-6-32-23-14-5-31-22-13-4-30-21-12-3-29-20-11-2-28-19-10-1-27-18-9
35,27,0.7714285714285715,1,35,1,True,6.473657049138937e-16,0.0,0.0,0-27-19-11-3-30-22-14-6-33-25-17-9-1-28-20-12-4-31-23-15-7-34-26-18-10-2-29-21-13-5-32-24-16-8
35,28,0.8,7,5,7,False,6.473657049138937e-16,0.0,,0-28-21-14-7 | 1-29-22-15-8 | 2-30-23-16-9 | 3-31-24-17-10 | 4-32-25-18-11 | 5-33-26-19-12 | 6-34-27-20-13
35,29,0.8285714285714286,1,35,1,True,6.753223014464258e-16,0.0,0.0,0-29-23-17-11-5-34-28-22-16-10-4-33-27-21-15-9-3-32-26-20-14-8-2-31-25-19-13-7-1-30-24-18-12-6
35,30,0.8571428571428571,5,7,5,False,6.342923343242401e-16,0.0,,0-30-25-20-15-10-5 | 1-31-26-21-16-11-6 | 2-32-27-22-17-12-7 | 3-33-28-23-18-13-8 | 4-34-29-24-19-14-9
35,31,0.8857142857142857,1,35,1,True,7.216449660063518e-16,0.0,0.0,0-31-27-23-19-15-11-7-3-34-30-26-22-18-14-10-6-2-33-29-25-21-17-13-9-5-1-32-28-24-20-16-12-8-4
35,32,0.9142857142857143,1,35,1,True,6.753223014464258e-16,0.0,0.0,0-32-29-26-23-20-17-14-11-8-5-2-34-31-28-25-22-19-16-13-10-7-4-1-33-30-27-24-21-18-15-12-9-6-3
35,33,0.9428571428571428,1,35,1,True,6.497413668604471e-16,0.0,0.0,0-33-31-29-27-25-23-21-19-17-15-13-11-9-7-5-3-1-34-32-30-28-26-24-22-20-18-16-14-12-10-8-6-4-2
35,34,0.9714285714285714,1,35,1,True,7.108895957933346e-16,0.0,0.0,0-34-33-32-31-30-29-28-27-26-25-24-23-22-21-20-19-18-17-16-15-14-13-12-11-10-9-8-7-6-5-4-3-2-1
36,0,0.0,36,1,36,False,0.0,0.0,,0 | 1 | 2 | 3 | 4 | 5 | 6 | 7 | 8 | 9 | 10 | 11 | 12 | 13 | 14 | 15 | 16 | 17 | 18 | 19 | 20 | 21 | 22 | 23 | 24 | 25 | 26 | 27 | 28 | 29 | 30 | 31 | 32 | 33 | 34 | 35
36,1,0.027777777777777776,1,36,1,True,1.047382306668854e-15,0.0,0.0,0-1-2-3-4-5-6-7-8-9-10-11-12-13-14-15-16-17-18-19-20-21-22-23-24-25-26-27-28-29-30-31-32-33-34-35
36,2,0.05555555555555555,2,18,2,False,5.551115123125783e-16,0.0,,0-2-4-6-8-10-12-14-16-18-20-22-24-26-28-30-32-34 | 1-3-5-7-9-11-13-15-17-19-21-23-25-27-29-31-33-35
36,3,0.08333333333333333,3,12,3,False,1.2412670766236366e-15,0.0,,0-3-6-9-12-15-18-21-24-27-30-33 | 1-4-7-10-13-16-19-22-25-28-31-34 | 2-5-8-11-14-17-20-23-26-29-32-35
36,4,0.1111111111111111,4,9,4,False,9.485749680535094e-16,0.0,,0-4-8-12-16-20-24-28-32 | 1-5-9-13-17-21-25-29-33 | 2-6-10-14-18-22-26-30-34 | 3-7-11-15-19-23-27-31-35
36,5,0.1388888888888889,1,36,1,True,8.95090418262362e-16,0.0,0.0,0-5-10-15-20-25-30-35-4-9-14-19-24-29-34-3-8-13-18-23-28-33-2-7-12-17-22-27-32-1-6-11-16-21-26-31
36,6,0.16666666666666666,6,6,6,False,8.733042515567878e-16,0.0,,0-6-12-18-24-30 | 1-7-13-19-25-31 | 2-8-14-20-26-32 | 3-9-15-21-27-33 | 4-10-16-22-28-34 | 5-11-17-23-29-35
36,7,0.19444444444444445,1,36,1,True,8.617648093045562e-16,0.0,0.0,0-7-14-21-28-35-6-13-20-27-34-5-12-19-26-33-4-11-18-25-32-3-10-17-24-31-2-9-16-23-30-1-8-15-22-29
36,8,0.2222222222222222,4,9,4,False,8.082545620880531e-16,0.0,,0-8-16-24-32-4-12-20-28 | 1-9-17-25-33-5-13-21-29 | 2-10-18-26-34-6-14-22-30 | 3-11-19-27-35-7-15-23-31
36,9,0.25,9,4,9,False,8.95090418262362e-16,0.0,,0-9-18-27 | 1-10-19-28 | 2-11-20-29 | 3-12-21-30 | 4-13-22-31 | 5-14-23-32 | 6-15-24-33 | 7-16-25-34 | 8-17-26-35
36,10,0.2777777777777778,2,18,2,False,7.850462293418876e-16,0.0,,0-10-20-30-4-14-24-34-8-18-28-2-12-22-32-6-16-26 | 1-11-21-31-5-15-25-35-9-19-29-3-13-23-33-7-17-27
36,11,0.3055555555555556,1,36,1,True,1.2008898127460164e-15,0.0,0.0,0-11-22-33-8-19-30-5-16-27-2-13-24-35-10-21-32-7-18-29-4-15-26-1-12-23-34-9-20-31-6-17-28-3-14-25
36,12,0.3333333333333333,12,3,12,False,9.43689570931383e-16,0.0,,0-12-24 | 1-13-25 | 2-14-26 | 3-15-27 | 4-16-28 | 5-17-29 | 6-18-30 | 7-19-31 | 8-20-32 | 9-21-33 | 10-22-34 | 11-23-35
36,13,0.3611111111111111,1,36,1,True,8.95090418262362e-16,0.0,0.0,0-13-26-3-16-29-6-19-32-9-22-35-12-25-2-15-28-5-18-31-8-21-34-11-24-1-14-27-4-17-30-7-20-33-10-23
36,14,0.3888888888888889,2,18,2,False,8.95090418262362e-16,0.0,,0-14-28-6-20-34-12-26-4-18-32-10-24-2-16-30-8-22 | 1-15-29-7-21-35-13-27-5-19-33-11-25-3-17-31-9-23
36,15,0.4166666666666667,3,12,3,False,1.0707679782702797e-15,0.0,,0-15-30-9-24-3-18-33-12-27-6-21 | 1-16-31-10-25-4-19-34-13-28-7-22 | 2-17-32-11-26-5-20-35-14-29-8-23
36,16,0.4444444444444444,4,9,4,False,8.886119947416683e-16,0.0,,0-16-32-12-28-8-24-4-20 | 1-17-33-13-29-9-25-5-21 | 2-18-34-14-30-10-26-6-22 | 3-19-35-15-31-11-27-7-23
36,17,0.4722222222222222,1,36,1,True,8.95090418262362e-16,0.0,0.0,0-17-34-15-32-13-30-11-28-9-26-7-24-5-22-3-20-1-18-35-16-33-14-31-12-29-10-27-8-25-6-23-4-21-2-19
36,18,0.5,18,2,18,False,8.95090418262362e-16,0.0,,0-18 | 1-19 | 2-20 | 3-21 | 4-22 | 5-23 | 6-24 | 7-25 | 8-26 | 9-27 | 10-28 | 11-29 | 12-30 | 13-31 | 14-32 | 15-33 | 16-34 | 17-35
36,19,0.5277777777777778,1,36,1,True,1.1801832636420706e-15,0.0,0.0,0-19-2-21-4-23-6-25-8-27-10-29-12-31-14-33-16-35-18-1-20-3-22-5-24-7-26-9-28-11-30-13-32-15-34-17
36,20,0.5555555555555556,4,9,4,False,7.108895957933346e-16,0.0,,0-20-4-24-8-28-12-32-16 | 1-21-5-25-9-29-13-33-17 | 2-22-6-26-10-30-14-34-18 | 3-23-7-27-11-31-15-35-19
36,21,0.5833333333333334,3,12,3,False,8.95090418262362e-16,0.0,,0-21-6-27-12-33-18-3-24-9-30-15 | 1-22-7-28-13-34-19-4-25-10-31-16 | 2-23-8-29-14-35-20-5-26-11-32-17
36,22,0.6111111111111112,2,18,2,False,1.1443916996305592e-15,0.0,,0-22-8-30-16-2-24-10-32-18-4-26-12-34-20-6-28-14 | 1-23-9-31-17-3-25-11-33-19-5-27-13-35-21-7-29-15
36,23,0.6388888888888888,1,36,1,True,1.0329400704738531e-15,0.0,0.0,0-23-10-33-20-7-30-17-4-27-14-1-24-11-34-21-8-31-18-5-28-15-2-25-12-35-22-9-32-19-6-29-16-3-26-13
36,24,0.6666666666666666,12,3,12,False,1.0947951258308451e-15,0.0,,0-24-12 | 1-25-13 | 2-26-14 | 3-27-15 | 4-28-16 | 5-29-17 | 6-30-18 | 7-31-19 | 8-32-20 | 9-33-21 | 10-34-22 | 11-35-23
36,25,0.6944444444444444,1,36,1,True,1.1801832636420706e-15,0.0,0.0,0-25-14-3-28-17-6-31-20-9-34-23-12-1-26-15-4-29-18-7-32-21-10-35-24-13-2-27-16-5-30-19-8-33-22-11
36,26,0.7222222222222222,2,18,2,False,7.550332863779066e-16,0.0,,0-26-16-6-32-22-12-2-28-18-8-34-24-14-4-30-20-10 | 1-27-17-7-33-23-13-3-29-19-9-35-25-15-5-31-21-11
36,27,0.75,9,4,9,False,1.0948510389028342e-15,0.0,,0-27-18-9 | 1-28-19-10 | 2-29-20-11 | 3-30-21-12 | 4-31-22-13 | 5-32-23-14 | 6-33-24-15 | 7-34-25-16 | 8-35-26-17
36,28,0.7777777777777778,4,9,4,False,7.850462293418876e-16,0.0,,0-28-20-12-4-32-24-16-8 | 1-29-21-13-5-33-25-17-9 | 2-30-22-14-6-34-26-18-10 | 3-31-23-15-7-35-27-19-11
36,29,0.8055555555555556,1,36,1,True,1.1102230246251565e-15,0.0,0.0,0-29-22-15-8-1-30-23-16-9-2-31-24-17-10-3-32-25-18-11-4-33-26-19-12-5-34-27-20-13-6-35-28-21-14-7
36,30,0.8333333333333334,6,6,6,False,1.2412670766236366e-15,0.0,,0-30-24-18-12-6 | 1-31-25-19-13-7 | 2-32-26-20-14-8 | 3-33-27-21-15-9 | 4-34-28-22-16-10 | 5-35-29-23-17-11
36,31,0.8611111111111112,1,36,1,True,1.0532500405730103e-15,0.0,0.0,0-31-26-21-16-11-6-1-32-27-22-17-12-7-2-33-28-23-18-13-8-3-34-29-24-19-14-9-4-35-30-25-20-15-10-5
36,32,0.8888888888888888,4,9,4,False,1.1050065994108396e-15,0.0,,0-32-28-24-20-16-12-8-4 | 1-33-29-25-21-17-13-9-5 | 2-34-30-26-22-18-14-10-6 | 3-35-31-27-23-19-15-11-7
36,33,0.9166666666666666,3,12,3,False,1.542371118540254e-15,0.0,,0-33-30-27-24-21-18-15-12-9-6-3 | 1-34-31-28-25-22-19-16-13-10-7-4 | 2-35-32-29-26-23-20-17-14-11-8-5
36,34,0.9444444444444444,2,18,2,False,6.497413668604471e-16,0.0,,0-34-32-30-28-26-24-22-20-18-16-14-12-10-8-6-4-2 | 1-35-33-31-29-27-25-23-21-19-17-15-13-11-9-7-5-3
36,35,0.9722222222222222,1,36,1,True,1.1060518526157679e-15,0.0,0.0,0-35-34-33-32-31-30-29-28-27-26-25-24-23-22-21-20-19-18-17-16-15-14-13-12-11-10-9-8-7-6-5-4-3-2-1
