time,k_4,k_6,k_8,k_10,k_12,k_14,k_16,k_18,k_20,k_22,k_24
0.0,0.024317739914833433,0.22207151248722268,0.07451838534808408,0.1778489308893264,0.08368201952676584,0.0721479065515131,0.21156867798219367,0.0026694846380930217,0.004270519585696708,0.06729005296612108,0.05961477011014994
0.04,0.02623923595001131,0.21878470955543047,0.07693835603166325,0.17600468825479865,0.08466889583022259,0.07374338459709177,0.20787235334585166,0.004682470556095388,0.004893665019144287,0.06658552345957432,0.059586717400116264
0.08,0.02810827323615591,0.21549792773750168,0.0793146300214501,0.17404409824266956,0.08557432213048392,0.07527735900357944,0.20452132469211978,0.006624755005758211,0.005518663841742505,0.06590068725267474,0.05961795883586415
0.12,0.029902224591730833,0.21233624387681937,0.08162796072792416,0.17227156756159026,0.08633295924938934,0.07675375142011993,0.20128856254920985,0.00850134489216277,0.006138007738826148,0.06521860806909185,0.05962876932313533
0.16,0.03167113003480834,0.2093038131162128,0.08386932621463855,0.1704703463941329,0.08711216632330031,0.07818555393626367,0.1981780290201773,0.010303042116220847,0.006754539628496847,0.06459046750062632,0.05956158571512203
0.2,0.033401821353370185,0.20637196449885534,0.08601950409439252,0.16874376058898852,0.08789747969087906,0.07953711107382791,0.19516224101569463,0.012039971440026349,0.007373560301973338,0.0639281460761175,0.059524439865874704
0.24,0.03510018550204615,0.20348680327670984,0.08804862092424103,0.16715055691477856,0.08869724118035571,0.08083152922430921,0.192190063024763,0.013711921264551306,0.007995411705886211,0.0633518194459692,0.059435847536389835
0.28,0.03678172385885061,0.2007236291428091,0.08997452394263043,0.1656410215774311,0.08950961445049627,0.0820403873048153,0.18933284742289952,0.015314943598439205,0.008616726542059257,0.06280195663840757,0.05926262552116163
0.32,0.03842427711373155,0.1980715826836289,0.09187253678234297,0.16420670763863263,0.09023083276254137,0.08330091107590719,0.1865174151779067,0.016873359938537565,0.009236983916514766,0.06227389586749267,0.05899149704276364
0.36,0.040027225968025625,0.19551538809993008,0.09357579900666813,0.16283480513549106,0.09095323917863284,0.08452473505305891,0.1838560996441844,0.018372814087482585,0.009855526824578206,0.0617623513152554,0.0587220156866928
0.4,0.041588432445147545,0.1930339320424361,0.09515928676055486,0.16150793296863591,0.09168491753006908,0.08569976255711716,0.1812665348940469,0.019824746976499254,0.010471133705965696,0.061261647697787795,0.058501672421739634
0.44,0.04310433733277886,0.19060417674936586,0.09678883329543536,0.16020716534844248,0.09250689169071903,0.08681850450316735,0.1787276339903688,0.021215493290788465,0.011082286979084905,0.06076564285083239,0.05817903396901646
0.48,0.044586930605977335,0.1882742850241932,0.0983960160075908,0.15897463484688926,0.09318923230415291,0.08790575979953268,0.17628336671448666,0.022548112982425685,0.011691360449800537,0.060288841062405014,0.057861460202546004
0.52,0.04603292776826829,0.18602138983842584,0.0999209924919441,0.15779036386187184,0.09389310407600808,0.08895260757475748,0.17391188083533624,0.023859190941564724,0.012296848133974069,0.05982441068488634,0.05749628379296296
0.56,0.04745133326928352,0.1838733528570587,0.10135134564474031,0.15667876504083228,0.09458322237230257,0.08997577214386383,0.17163964672905985,0.025119381961957968,0.012898545936810066,0.059381458810157536,0.057047175233933385
0.6,0.0488534365034375,0.18186165749293737,0.1026692390939569,0.1556672589383696,0.09510680597343815,0.09099471680062148,0.16949624146317652,0.026361485163852026,0.013490647374987104,0.05897002779649392,0.05652848339872951
0.64,0.050188140021227824,0.17990435516469902,0.10404389482578372,0.15468456787698132,0.09559676100092798,0.09197090353831949,0.16740610892414454,0.02757649989817206,0.014082593272514977,0.0585634748243994,0.055982700652829745
0.68,0.05148385240849836,0.17800611024261273,0.10539530655223106,0.15370041500604906,0.09607321413715718,0.09290821119817098,0.1653729999517551,0.02879241489795331,0.014668047431102527,0.058163311039053804,0.05543611713541571
0.72,0.05281535627787617,0.1762618062160849,0.10674758733486367,0.1525832441754314,0.09639847799912675,0.0938592096097308,0.16348511193771909,0.029936400466141874,0.015246203941792982,0.057801017956399754,0.05486558408483259
0.76,0.05411428013903043,0.174562852549745,0.1080378588817263,0.1515748105732422,0.09668763552021327,0.09476813461288296,0.16164058489050875,0.031013721026404102,0.01582336238791106,0.057440882414700155,0.05433587700363578
0.8,0.055370973706570376,0.17287596490875345,0.10924850190445975,0.1506555832019295,0.0970806111500309,0.09561818558613694,0.15980843190692243,0.03206277174554252,0.01638822845521847,0.0570728334589126,0.05381791397552303
0.84,0.05659124643922719,0.1712186490568464,0.11039301613942126,0.14970338999900354,0.09752028912549247,0.09642129904505822,0.1580051870756365,0.03312419923507848,0.01695805014311288,0.05670318939775081,0.053361484343372206
0.88,0.05772502490555695,0.16959995710511677,0.1114789505212723,0.14877648183522324,0.09801086742945599,0.09718465612728326,0.15623986384457492,0.03417670394729468,0.017532999830938846,0.05633612359712193,0.052938370856161064
0.92,0.058869130309384364,0.168019275155665,0.11250870225360689,0.1478618282629286,0.09841214875436996,0.09791048083710654,0.15451276594878505,0.03519511259840267,0.018082065559157895,0.05597246341538645,0.052656026905206516
0.96,0.05989128257833874,0.16655746906865515,0.11353941247307398,0.14678184776902609,0.09886904205821558,0.09864737076624233,0.15289780569553743,0.03619776747911474,0.018644537422625937,0.055640684014222966,0.05233278067494708
1.0,0.06081863436734715,0.1651203580707502,0.11450942223044734,0.1458582006978421,0.09934971343995432,0.09934353085561443,0.15130945832737272,0.03715117078714039,0.019211856465832657,0.055309646025734745,0.052018008731964
1.04,0.06179925926141508,0.1636674985563048,0.11539398026126038,0.14510889567341914,0.09983512575535028,0.09997632742932437,0.14971124686523185,0.038075504110004064,0.019766980214367708,0.054966521603865504,0.05169866026945692
1.08,0.06282059606220206,0.16227784772035117,0.11616313091653895,0.14431684720462543,0.10037155627488702,0.10059471577522311,0.14817474865508545,0.038979552867820684,0.020319070018911294,0.0546258231050265,0.051356111399328344
1.12,0.06385641292014778,0.1609383907307935,0.11670824526757019,0.14361357471885727,0.10088551825613859,0.1011934283419586,0.14668826127620804,0.03985873737769686,0.020866721809741515,0.05430757051681697,0.051083138784070614
1.16,0.06478651393125366,0.15968663824721735,0.11738019134073781,0.142863793934537,0.10120227814994912,0.10179908571179043,0.14528720605438386,0.04072437823832609,0.021415488547514475,0.054013677758145764,0.050840748086144416
1.2,0.0657448220657712,0.1584189264718493,0.11809808100246347,0.14201025370717402,0.10168877328093419,0.10234544853833723,0.14387695111531068,0.041551442788463504,0.02195172361580954,0.05370944400119237,0.05060413341269463
1.24,0.0666311465908962,0.15720595208935073,0.1187422759852058,0.1412486648159631,0.1022785571468136,0.1028797630124972,0.14233173398805224,0.04235687507259229,0.022484650499567792,0.05341858433927309,0.050421796459788
1.28,0.0673995754253704,0.15598524222528648,0.11940432524352874,0.14057577727665857,0.10287142851508461,0.10336224968828771,0.1409761472162916,0.04310311927369401,0.02300553419586661,0.053058842378666496,0.05025775856126481
1.32,0.06822845976999825,0.15481564239381662,0.12004481291107383,0.13985661752394707,0.10352183181526305,0.10383526648203718,0.1396711717248528,0.04383878099395943,0.023521990669328852,0.05257786426630851,0.0500875614494144
1.36,0.06899360315606803,0.15366272233619457,0.1205141940656232,0.13919971492072622,0.10425789010374596,0.10426510848735597,0.13838510471333282,0.04456281257924357,0.02402759663577987,0.052187627359001704,0.04994362564292799
1.4000000000000001,0.06972162486833977,0.1525684726882055,0.12107201802997707,0.13852744437837355,0.10494892823768151,0.1047083170464052,0.137035731592557,0.04527282627364467,0.024530361496899692,0.05186033650962474,0.04975393887829127
1.44,0.07034533758672425,0.15150447552194857,0.12160666877643651,0.13793676695601445,0.10568605427003773,0.1050679765367261,0.13577000385232038,0.045960357334706596,0.025026468792716514,0.05154861043954354,0.04954727993282533
1.48,0.07099736273176073,0.15053091308247435,0.12196490780586981,0.1374208116897927,0.10636932685548471,0.1053377543525808,0.13466381361403534,0.046645748525763385,0.025526475394604387,0.05119082828384616,0.04935205766378759
1.52,0.07164026037828684,0.14957475727539538,0.12235355182228444,0.13700966312191912,0.10689629261105364,0.10558155577096338,0.1335783958171853,0.047309257512909215,0.026018176243832028,0.0508736511507024,0.049164438295468176
1.56,0.07222905698711538,0.1486237324103301,0.1226310339957525,0.13667350147692234,0.10734563743432297,0.10598650517217172,0.1325020872597089,0.047947351608206436,0.02649966463854933,0.05058343916521499,0.04897798985170547
1.6,0.07271125722029192,0.1476999174418926,0.1228548344595412,0.13635122199522898,0.10788776966660787,0.10629663775950038,0.1314572094701933,0.048568031933138425,0.02697530516949768,0.05030744524071854,0.048890369643389144
1.6400000000000001,0.07315182174928907,0.14679881767029443,0.12311623355526578,0.13604065814546804,0.10838670682598534,0.10655018267401421,0.13043998013134556,0.04917108084820149,0.027444743457710242,0.050105668262504434,0.048794106679921415
1.68,0.07354327794255656,0.1458927494671296,0.12339415490639336,0.1357162716424258,0.10895010267922312,0.10689418037264144,0.12942503866979632,0.049747739547491454,0.027903461963980795,0.0499017840271678,0.048631238781193804
1.72,0.07395627222050355,0.14497051731687394,0.1237659695301136,0.135368668597803,0.10961277184914249,0.1071960420363284,0.12838593273740148,0.0502942777392515,0.02834899418487387,0.04969493741469665,0.04840561637301142
1.76,0.07435170679730513,0.144115170536682,0.12408582626894821,0.13507642118854923,0.1101845402051139,0.10747673686736237,0.1273213112153463,0.050839229304131026,0.028797233415614302,0.049508328223007755,0.04824349597793983
1.8,0.07463865644932507,0.1432847379706094,0.1244561334752517,0.13468583344482254,0.11085176206746633,0.10778770752753998,0.12625609476039368,0.051368547994475926,0.02924050710485413,0.04932852606718786,0.04810149313807332
1.84,0.0749197746335274,0.14244514303111902,0.12477920766842741,0.1343968982921951,0.11144041836956343,0.10806338598487665,0.12533084750137324,0.05178706721809031,0.029666388177168466,0.049144176088058426,0.048026693035600525
1.8800000000000001,0.07528500321524183,0.14163979782278846,0.12505526690988084,0.13413373852544422,0.11192084714382693,0.10827226997684436,0.12444110346584825,0.05222430856504922,0.030067591536440837,0.04897095146184845,0.047989121376786674
1.92,0.07579263711391741,0.1408469856232521,0.12529481835532083,0.13387404686902105,0.11226794681874745,0.10853070057264083,0.12356378373275083,0.0526260858153388,0.030483109224699115,0.048801355792113074,0.04791853008219839
1.96,0.07627706956976725,0.14012672885886315,0.12558347260355548,0.13345128657962185,0.11251966686949967,0.1087817947750741,0.12275682981786133,0.05301104742933254,0.030872828250143893,0.048655661232657604,0.04796361401362327
2.0,0.07670976775672415,0.13945159615577554,0.12588546748278023,0.13304390796330778,0.11290728351267945,0.10887118514265465,0.12190233259834403,0.05338544193110658,0.03129853974060045,0.04852525373266111,0.04801922398336617
2.04,0.07730771009702865,0.13882230026507947,0.1261087980622534,0.13270985905210606,0.11327814132991085,0.10879869494129706,0.12104920899469807,0.05376956079107194,0.03168788022534823,0.048411027072963686,0.04805681916824257
2.08,0.07799643699448928,0.13827165856417384,0.12640300411397262,0.13237116621895673,0.11360825931176281,0.10871591306190015,0.120031349547046,0.05414117159374723,0.032060997707019874,0.048312031076178444,0.04808801181075307
2.12,0.0786956082651895,0.1377102311337691,0.12668100808362268,0.13192723075351184,0.1140827191827256,0.1086748889985574,0.11899034437037927,0.05452754951446144,0.032419918379443906,0.04821966922257342,0.04807083209576573
2.16,0.07936576890207389,0.1371612644471533,0.12689247722025804,0.13143584729599248,0.11446556101088522,0.1087269252252019,0.11812713942148531,0.05485769869377358,0.03279168943017235,0.04812965346665209,0.048045974886351844
2.2,0.07991766090396882,0.1365920253074795,0.127147463168578,0.13090290172594973,0.11497303601870217,0.10880218505681993,0.11725032569249982,0.055169744493183834,0.033176528865653795,0.048030879955017806,0.048037248812146605
2.24,0.08042115916134286,0.1360847496719919,0.1273969881612491,0.13039383624212803,0.115440324048231,0.10888579271770038,0.11638995964838358,0.055430524850329156,0.03354398664669015,0.04795286295651858,0.04805981589543526
2.2800000000000002,0.08103119453527013,0.13557957542284055,0.12764777567774355,0.1297997001126644,0.11587075279863233,0.10893361017596917,0.11553452907318082,0.055725182644780304,0.03388047303537715,0.04787488806941384,0.04812231845412769
2.32,0.08165980661582435,0.1350750219016982,0.1278664390256638,0.12929120593642918,0.11633118647348047,0.10907375324925579,0.11447851835859814,0.05598681328416913,0.03426384898596392,0.04779613325648031,0.0481772729124367
2.36,0.08226992731360953,0.13457545985569433,0.12805851571671178,0.12871329740698048,0.11684452975324171,0.10914803085459154,0.11351544507893066,0.05628363225908918,0.034646298091356734,0.04771857151209497,0.04822629215769908
2.4,0.08286676693599206,0.13408871904132183,0.12823178175966024,0.12824666197633705,0.1171008222611834,0.1093376001852102,0.11274200612810385,0.05644578392883389,0.035022381800464394,0.04764506595394662,0.048272410028946354
2.44,0.0834186065216577,0.13356316001571622,0.12833865920228582,0.12783566460968138,0.11746851510577921,0.10950787294656207,0.11195702868617018,0.05667864625176275,0.03537738615709624,0.04755725355392077,0.04829720694936774
2.48,0.08396770210514562,0.13306650100067396,0.12844576376101383,0.1275256596446134,0.11774391513492496,0.10967977307461896,0.11122920727349385,0.056806880662394754,0.03573012777156946,0.047479189836984806,0.048325279734566275
2.52,0.08451794825125993,0.1326035359010988,0.12855966677942288,0.12708948833627676,0.11820116494416077,0.10985758780914681,0.11036647546704265,0.05695151736941922,0.036081281801050046,0.047412639365614344,0.048358693975507745
2.56,0.08506846217507587,0.13217147789573228,0.12867737663513387,0.12663240162266823,0.11852651371735669,0.11003974055188649,0.10962250594871709,0.05707744312105742,0.036430669209418245,0.04735665249887543,0.04839675662407836
2.6,0.08563346377477299,0.13179090030898244,0.12881971220097269,0.12604852927179397,0.11874178601527202,0.11024399542635041,0.10892928567752123,0.05724206747520699,0.0367842526358953,0.04731866576184583,0.04844734145138607
2.64,0.08622006706007312,0.13147080196509225,0.12899521989108906,0.1254003738652751,0.11885122472402453,0.11047779995211521,0.10828959038900994,0.05733327648837832,0.037145473664815805,0.04730201286665809,0.04851415913346849
2.68,0.0867919671039329,0.13115427316420067,0.1291481669816465,0.1249205330048621,0.11887865286290093,0.11069300653613932,0.10764626460719065,0.057406381634144486,0.03749790242812093,0.047286300835113475,0.04857655084174804
2.72,0.08734416277346485,0.1308333263446942,0.1292730746847966,0.12459294276425921,0.11893133854054434,0.11088268784894449,0.10696672646091662,0.057482237626249884,0.03783928315894572,0.04726863687212217,0.048585582925061994
2.7600000000000002,0.08788904466155814,0.13052609086367423,0.12939010801921438,0.12445115350421268,0.11896565793103153,0.11106280097799026,0.10612172003014173,0.05754226066611928,0.03817512899793208,0.047255087822493866,0.048620946525631745
2.8000000000000003,0.08840536896784715,0.1302005652676766,0.12946990782023937,0.12440556111194406,0.1189508148935924,0.1112046012581867,0.10540149464991572,0.057602217580456014,0.03849609488961326,0.04723432771029719,0.04862904585023156
2.84,0.08889691008015378,0.1298623589724752,0.12951961435528156,0.12450132543352492,0.11885736282828883,0.11131456993842317,0.10473475536409532,0.0577155651443445,0.03880395947126093,0.04720817412564887,0.04858540428650287
2.88,0.0893780945372041,0.12953233521238966,0.1295620360798103,0.12459131263764912,0.1186646578536362,0.11136127722646691,0.10419931395567464,0.05781617997172212,0.039105671268478005,0.04718375064373939,0.04860537061322959
2.92,0.08986356913471331,0.12923103253508886,0.1296182544786405,0.12467524451396066,0.11860658154414905,0.11134800120976171,0.10359547732234006,0.05786921016002716,0.03940758246471123,0.04716921728672792,0.04861582934987964
2.96,0.0903746695789675,0.12898792207832468,0.12971834883222194,0.12469338029543033,0.11851307366251615,0.11128223284426304,0.10308433241740289,0.05780208920869114,0.039718618283038486,0.04717523221545435,0.04865010058368964
3.0,0.09088583105082848,0.12876518031239928,0.12982399287999158,0.12465429494829486,0.11858901804775103,0.11120990217453897,0.1025009506674734,0.05768906118358715,0.040026293043110006,0.04718810002213073,0.0486673756698945
3.04,0.09140539581338912,0.128573794691672,0.12994623192292373,0.12449574701023622,0.11851444028144344,0.11130774190856774,0.10187945278836895,0.057618754899063644,0.040333895833695885,0.04721165736666909,0.04871288748397011
3.08,0.09190852337698474,0.12837810371053235,0.13004826153261562,0.12442944339888537,0.1183891234720397,0.11137364226016518,0.10127561065335397,0.05764884120986439,0.04063089000040657,0.04723302496921337,0.048684535415938694
3.12,0.09241339869758117,0.12820311611373378,0.1301568992433763,0.12444452330298951,0.11822993565452816,0.11141816161769934,0.10052327252134753,0.057720735348388896,0.04092642189107393,0.0472606959465747,0.04870283966270671
3.16,0.09290210051122345,0.12802342539683234,0.13024751525856262,0.12438306349553964,0.11803480526046085,0.11152877332470704,0.09994945465140768,0.05776005558196979,0.04119853201676462,0.04728575385649471,0.04868652064603725
3.2,0.09336841081067991,0.12783032893478655,0.13031099511534572,0.12428188099995859,0.1180418762608954,0.11160967151036794,0.09926966283508395,0.057832536858864705,0.04146816867531899,0.04730451884968829,0.04868194914900988
3.24,0.09382226487328617,0.1276373109974357,0.13036125824074274,0.12424382247450245,0.11791348080712413,0.11167406796909528,0.0987159221653374,0.05792393842074783,0.04165391146860362,0.04732225824113127,0.04873176434199355
3.2800000000000002,0.09426620498800344,0.127447516635454,0.13040259921284952,0.12423503590310873,0.11784857895496714,0.11172531959659451,0.0980636835208887,0.05806371616104601,0.041872258233939336,0.04733996266048409,0.0487351241326645
3.3200000000000003,0.09470979930735254,0.12727346400022127,0.1304485618387656,0.12413225943453868,0.11783315800447974,0.11177439821234629,0.09742328122066826,0.058252144710325096,0.042106950674995106,0.04736222895711819,0.04868375363918931
3.36,0.09512746703144014,0.1270804266996984,0.13046296557178214,0.12424213033172479,0.11772314287235239,0.11179162674497839,0.096869543509569,0.05847650246778139,0.0422543124597736,0.04737573999277848,0.048596142318121316
3.4,0.0955282929033542,0.12688052320325033,0.13044101917910755,0.12434100431134487,0.1176468006562177,0.11178844532676056,0.096342582702213,0.05870490931286037,0.042433618803570404,0.047384000973179144,0.04850880262814183
3.44,0.09595248668355902,0.12672652674531135,0.1302937428938145,0.12447460500330758,0.11748207238466533,0.11181271041682263,0.09578855745141256,0.05895806581614666,0.042691982315026425,0.04740729867184139,0.04841195161809248
3.48,0.0963450517208513,0.12654360592970612,0.13020933852162195,0.12456844902541743,0.11751283690458389,0.11179840697095539,0.09513499752906637,0.05918760303909256,0.042926679577233215,0.047418734225938584,0.04835429655553326
3.52,0.09671436941182156,0.12636758851583677,0.1301851432309815,0.12463845519228729,0.11762761819447173,0.11177788107708493,0.09449048851070978,0.05937586164242317,0.04313267553104171,0.047431782765005405,0.04825813592833608
3.56,0.09699938987892164,0.12621251234456216,0.13008327837712655,0.12472507915563896,0.11778192872322486,0.11173551335136918,0.09403015669888823,0.059596336297682205,0.0433151998630972,0.047440222581135234,0.048080382728353785
3.6,0.09736662724924648,0.12604332565196263,0.13006846710757886,0.1247786450457384,0.11781562986476728,0.11170249671173235,0.09360603871171445,0.059801120471162865,0.043486124865543624,0.047446711724116845,0.04788481259643612
3.64,0.09763653223332357,0.12588844915809705,0.12990288903735556,0.12487025108171594,0.1179683389438044,0.1116725286563975,0.09323839432431213,0.06000327478787854,0.04362815563054682,0.04746100071813631,0.04773018542843224
3.68,0.09789894069597391,0.1257062244127541,0.12974600024501287,0.12492854708944981,0.1182017487601897,0.11161269698703087,0.09295504756579222,0.0601571144925034,0.04375213181576264,0.04745370193869452,0.04758784599683601
3.72,0.09822586052035398,0.12558244810654892,0.12950373351023958,0.12503979313860128,0.11839200997249465,0.11160094442138499,0.09263326694674197,0.060316581896883534,0.04382526958260542,0.04747595988452931,0.04740413201961637
3.7600000000000002,0.09853522622554534,0.12543528348569766,0.12931142376510193,0.125121525127151,0.11859972779850071,0.11156398593253421,0.0923623380611647,0.06050104081363399,0.04388389441958752,0.04745823697545638,0.047227317395626696
3.8000000000000003,0.09891119117833072,0.12531816415539734,0.1291189821295179,0.12521027490059192,0.11881456134034643,0.11150256614390784,0.09206228734255395,0.06069257039921393,0.04388349842307334,0.047432571418062404,0.04705333256900414
3.84,0.09928028256576278,0.12520215769318468,0.1289062171980305,0.12528037477246098,0.11913145395100867,0.1114656261939677,0.0917091177051813,0.06076595759281033,0.04387208586375172,0.04744971424254732,0.046937012221294046
3.88,0.09963347195959239,0.1250755806755184,0.12865697496079234,0.12528045219608216,0.1194691775848352,0.11143569632262797,0.09144189268133701,0.06075855183379472,0.04383615745896231,0.0474597693399058,0.046952274986551565
3.92,0.09998592894631235,0.12495716127059721,0.12845349509101645,0.1252451016289889,0.11985297272199648,0.11141068415700559,0.09111936282152863,0.060715483228719856,0.04385307639769259,0.04743220772394938,0.046974526012192645
3.96,0.10031750429554845,0.1248219605296225,0.12820829348749577,0.12531775831678246,0.12023256191893335,0.1113678341700066,0.09072545611218837,0.06065722638619682,0.04390370239469709,0.04743668570586955,0.04701101668265894
4.0,0.10062368561465646,0.12466424410249434,0.12812910360878732,0.1253637314660428,0.12057960717679958,0.1113018012881449,0.0904219346846344,0.06061760056571893,0.04390011671384961,0.04743201998922754,0.046966154789644145
4.04,0.100802283633334,0.12454767867911126,0.12804806442814676,0.1254472305141521,0.12099491262712286,0.11126895237703892,0.09008366326424193,0.06057010567187557,0.04393470787216342,0.04744057903810727,0.0468618218947059
4.08,0.10100956190609814,0.12445846242711361,0.12787515314931872,0.12555646052086086,0.12134604508112296,0.1112584908551678,0.08971569756780857,0.06054359504122228,0.044000764794373405,0.04745745548983507,0.04677831316707852
4.12,0.10111179142320195,0.12434742321426821,0.12776677097115335,0.12562693035861086,0.12175220555495204,0.11122612440052956,0.08936463247924875,0.06055244035843217,0.044084468721854946,0.0474646900075134,0.04670252251023477
4.16,0.1011460149522861,0.12416892312413227,0.1276046017232889,0.12572017559739057,0.12219879359474449,0.11115093824623372,0.08898394880620383,0.060682957543643536,0.04421968489126259,0.04747469141166459,0.046649270109149425
4.2,0.10121570779504975,0.12405541204997601,0.12742485497870612,0.12578349909152453,0.12262380862824342,0.11111461489011898,0.08861066904710056,0.060827422098094976,0.04431226955462896,0.04747987307374331,0.046551868792813526
4.24,0.10137803297367663,0.12388359438264576,0.12722053609008405,0.12580497020286435,0.1230515518324397,0.11108781479857796,0.08813616566654221,0.0609713968449796,0.04447691685251455,0.04748869174245583,0.04650032861321936
4.28,0.1014642670324155,0.12365241527200031,0.12700709974816937,0.125884243926764,0.12348592689254471,0.11107309841662279,0.08770850251659754,0.06106579483137755,0.04466715676122881,0.04750388105436778,0.046487613547911574
4.32,0.10162340010754527,0.12354258533776014,0.12663497459652037,0.12593799839406367,0.12393471502654584,0.11107711059597762,0.08721745189555168,0.061147290303434874,0.04485120622957249,0.047528670281636425,0.04650459723139165
4.36,0.10179136389323536,0.12330517355834426,0.1262891090135079,0.12604429711458254,0.12435566307135502,0.11106136774355635,0.08684616184282494,0.06122317842958607,0.04502313998944576,0.04754703578222254,0.04651350956133916
4.4,0.10189382891801906,0.1230480925947728,0.12601817706511045,0.12607357661441101,0.12481339718073033,0.11108417528647045,0.08648969415343477,0.06129040188624248,0.045177861737598995,0.047583264742481514,0.046527529820728004
4.44,0.1020076089194875,0.12276320876156219,0.12583377996012018,0.1259554870898223,0.1252817634797498,0.11112277449297345,0.08624354669860439,0.06135093505281704,0.045281948084389304,0.04762726566573041,0.04653168179474346
4.48,0.10199064090075646,0.12233558483230086,0.12582433672050494,0.12586556376561828,0.12576217117273936,0.11118070621194176,0.08603760425278745,0.061387394360008396,0.045391456392352494,0.04767939808467604,0.046545143306313944
4.5200000000000005,0.10192821343143858,0.12209932442853576,0.12575602181472695,0.12591358612269213,0.1261417803593836,0.11122357997431613,0.08576985516214046,0.06137871513350608,0.045484498389758404,0.04772483271363024,0.04657959246987178
4.5600000000000005,0.10185184396814044,0.12180065884344668,0.1257746996882041,0.1259642409489112,0.1264857666094755,0.11125486484705377,0.08551504707377837,0.06136506493268263,0.045620600885259946,0.04776578906832761,0.04660142313471993
4.6000000000000005,0.10183804631779607,0.12132395184449811,0.1257647241451393,0.1259978740487623,0.12680448102786412,0.11132062077201721,0.0852603748282481,0.06141917816945977,0.045750845164454934,0.047822418548244754,0.04669748513351551
4.64,0.10157487308746335,0.12094582310180385,0.12585838274027258,0.12604654968015344,0.1271558851479645,0.11136443522165798,0.08513053159816139,0.06140606873813379,0.04588301352837435,0.047871266846286675,0.04676317030972819
4.68,0.10144909956467894,0.12052382317510611,0.12591188903191186,0.12604167576292213,0.12734119830059618,0.11142390202954844,0.08517385697690624,0.06147400784123685,0.04595820751759707,0.047927468422575684,0.046774871376920504
4.72,0.10123056949036256,0.1201013967333463,0.1258884853079568,0.1261282838105762,0.1274254223228371,0.11147472837811724,0.085295161427897,0.0615569046300009,0.04607155500922562,0.04797931998564792,0.0468481729040324
4.76,0.10110889835760883,0.11963248355072788,0.12606015044219318,0.12600790734324477,0.127354751273788,0.11156776127255967,0.08544209413541622,0.06165867612044094,0.046159481231975344,0.04804976729133407,0.04695802898071102
4.8,0.10101893686130355,0.11919802841439606,0.12624004683168435,0.12600721929156994,0.12711237667185357,0.11167537124342411,0.08551493207042443,0.061791854267582554,0.046239511930016686,0.04812753789258287,0.04707418452516195
4.84,0.10100045643302666,0.1187555632087143,0.12636224750562855,0.1261363995096125,0.12677779464603842,0.11173541310230753,0.0856450679935711,0.0619571694261063,0.046271487349124285,0.04818683656184758,0.047171564264022754
4.88,0.1009431461113678,0.11831464808977417,0.12641817363584745,0.12625779185950575,0.1267896667232983,0.11173901953477641,0.08573396587748898,0.06209123248188639,0.04624308135928035,0.04822320959957458,0.04724606472719975
4.92,0.10070097622317478,0.11819505271613487,0.1265306812873241,0.12624806174395298,0.1266172343676487,0.11179755458381814,0.08586405938519781,0.062245089468770345,0.0461754935338435,0.04828266974447394,0.04734312694566082
4.96,0.10026300352431448,0.11811133476517542,0.12659631518623876,0.12631962073999842,0.12660473756184853,0.11181641277704701,0.08596440831309382,0.06238353896546866,0.04619215939544076,0.04832476457150478,0.04742370419986933
5.0,0.09969525716208551,0.11816495136802638,0.12667461776396632,0.12618303842187203,0.1267188218204294,0.11184831156956465,0.08607408408440793,0.06252749328664615,0.046231689111615515,0.04837243553131655,0.04750929988006942
5.04,0.09910116114542775,0.11814773159913713,0.12668467074287218,0.1262991431685078,0.12693382965985892,0.11182354472475878,0.08613862286473084,0.06263757968657432,0.0463095184781833,0.048395250183514094,0.047528947746434895
5.08,0.09857165566802237,0.11803879886891548,0.12668113213765936,0.12644366432382664,0.12727072557776453,0.11177076292187693,0.08622032724124043,0.06275970859212812,0.0463134355843098,0.04841086682769994,0.04751892225655634
5.12,0.09808565925835525,0.11800862776641166,0.12648215785084205,0.12663395296681315,0.12745901531538215,0.1117200312698547,0.08633222368567722,0.06285715988593936,0.046410698852637274,0.048451790797718206,0.04755868235036893
5.16,0.09767088488687274,0.11798335736785992,0.12623688461617932,0.12680838377543618,0.12781169366247552,0.11165172434089518,0.08643442532608508,0.06279113880394453,0.04658526880320261,0.04849799325390322,0.04752824516314561
5.2,0.09725193982417041,0.1178063578693595,0.12614642005978535,0.12699573680704102,0.1282506448096807,0.11147389439488828,0.086565662456271,0.06263504285127358,0.046795307681091636,0.04849330195539518,0.04758569129104327
5.24,0.09696873539120296,0.11771053826035986,0.12608090658080606,0.12721175174203606,0.1285809489869855,0.11117938980658405,0.08671006248835834,0.062412303019457,0.0470095071502771,0.04852254396355352,0.047613312610379696
5.28,0.09675956756435035,0.11772772335227691,0.12586404083330635,0.12746255042391225,0.129069419426454,0.11079068274673566,0.08685062631763849,0.062202536637049756,0.04717999128639738,0.04848961921968703,0.04760324219219189
5.32,0.09673476044704003,0.11765712627407979,0.1255078098305328,0.12775137280243726,0.12958928395786284,0.11037492503696396,0.08701024532040122,0.06202745711834347,0.04736865498507964,0.04838767454351121,0.047590689683747904
5.36,0.09680327126453118,0.11741692843553855,0.12511021028360486,0.12799823770506227,0.13013667797854325,0.11002382597832261,0.08718624298805519,0.06194389984811612,0.04746361787598451,0.04832438218490925,0.04759270545733212
5.4,0.09682331389281675,0.11715636707338226,0.12486741683762383,0.12819396529022115,0.13068062644761796,0.10960280323778394,0.08735920909490774,0.06181978602456314,0.04760592141144267,0.048279707998240856,0.04761088269139985
5.44,0.09678376279955844,0.11691782898873736,0.12469881638566907,0.12819201343628184,0.13124561321016756,0.10921721232395729,0.0875452660169273,0.06176267341612288,0.04768982521675368,0.04831013975561338,0.04763684845021117
5.48,0.0966834113675146,0.116742874199151,0.12454855642781389,0.12806411446101146,0.1317806634334393,0.10893745867733771,0.08771258460109602,0.06174558235235169,0.04772412600933009,0.04841277501311128,0.04764785345784298
5.5200000000000005,0.09661957917462585,0.11660530299423173,0.12429982572162052,0.12788267110004278,0.13228850296948078,0.1087846326780446,0.08786458978621593,0.061787077820654145,0.047764192900275185,0.048481771100493835,0.04762185375431451
5.5600000000000005,0.09657853879157952,0.11637608401489538,0.12423388130534062,0.12753830802405475,0.13271922627373375,0.10884760268337303,0.08801993736855653,0.061751859627708044,0.04775626780275282,0.04851519667205072,0.04766309743595474
5.6000000000000005,0.096480514265106,0.11610128529478717,0.12412162200183106,0.1272860906072011,0.13322609539890753,0.10893497852911065,0.08817929474101403,0.061712261205205676,0.0476741889888907,0.04857996328497243,0.04770370568297357
5.64,0.09653314241786497,0.11589405777699543,0.12380638787902695,0.12698565652500496,0.13373913994028866,0.10907042736555068,0.08834674348275184,0.06169912445004052,0.04757771696279625,0.04860006953286923,0.04774753366681052
5.68,0.09654137173877057,0.11566794069224647,0.12360895124367718,0.1267373852555315,0.1342270365449952,0.10917751432655087,0.08850224313860267,0.06155411454015064,0.047513662892762085,0.04864881405380515,0.047820965572907624
5.72,0.09651699939305419,0.1155433845492219,0.12352491023404409,0.12650439690381926,0.13470500417418765,0.10924767037166161,0.08865397670538273,0.06140421760913307,0.04744083033571103,0.04859450062556092,0.04786410909822344
5.76,0.09641511313022749,0.1152840670431074,0.12356733599316683,0.12642513370830102,0.13516999421261203,0.10933882043128537,0.08879966491154198,0.061229951364492344,0.04739648783373512,0.0484911258915421,0.04788230547998821
5.8,0.09619455311611662,0.11512769646307247,0.12359589693643222,0.1264336676062198,0.13561758027212778,0.10933122429176613,0.08893508983789608,0.06106995501164851,0.04737313805989539,0.04842357951589517,0.047897618888929815
5.84,0.09598545473358597,0.11505608417147001,0.12353391623800392,0.12659746538874386,0.1360482035892941,0.10926649300038296,0.08905987079571837,0.06096272801666501,0.0473523441800665,0.04831002625152695,0.04782741363454242
5.88,0.0957001695547993,0.11518353430662481,0.12336102734985825,0.12692584425894046,0.1363992292129825,0.10907974094316386,0.08919003338214702,0.06088428392965386,0.04725909540252136,0.04822683040655261,0.047790211252755996
5.92,0.09534667538730437,0.11527053518107178,0.12317623879570086,0.12729962607903497,0.136811079266059,0.10893766777920984,0.08932159714887762,0.06080708647382932,0.047133470554867836,0.04810125113401508,0.047794772200029347
5.96,0.09507756980019771,0.11522353464385687,0.12299346841534312,0.12770694347698863,0.13722290751008603,0.10881699027874174,0.08945595150199522,0.060693836879796126,0.04704001035909793,0.047914055835974835,0.04785473129792178
6.0,0.09489808497170213,0.11512978283571605,0.12291966419764296,0.12806464144097987,0.13743566668193302,0.10879097648540396,0.08955451862182093,0.06064972488912955,0.046924459887702594,0.04772105783277278,0.04791142215519622
6.04,0.09462678465541828,0.11498801774702598,0.12283088282471649,0.1284650800382403,0.13777970507560353,0.10877802795172686,0.08968400702320431,0.0606793685338537,0.046740567710613724,0.04748122997751429,0.04794632846208257
6.08,0.0943463746936975,0.11484426564708489,0.12285345913733614,0.12891429348916428,0.13794072325133358,0.10870913113963789,0.08984864679113189,0.06069918297893337,0.046667144973436596,0.047198035314847946,0.04797874258339592
6.12,0.09399954131196553,0.11456205240464043,0.1230329023326251,0.12934996302144508,0.13810648530843314,0.10872350230633275,0.09000467220203305,0.060721841764813184,0.04657936631480571,0.04694431609395351,0.04797535693895249
6.16,0.09359445466145343,0.11430335405138797,0.1231717683428443,0.12979852383223078,0.13850855986685814,0.10863561159188219,0.0901700777762498,0.06081013735964372,0.04644228092501581,0.0466108081475053,0.04795442344492849
6.2,0.09304023785924428,0.1141150245008177,0.12352167111169149,0.13021552090461225,0.1387600981960769,0.10864357333643185,0.09031248612594461,0.06090861332131205,0.04627113313906992,0.04629838973829385,0.047913251766505065
6.24,0.0925754714735737,0.11396182875934248,0.12385571093021948,0.1306189153191677,0.13886332825845174,0.10863838021046907,0.09044485058934154,0.06102325819006993,0.0461245225128095,0.0460600215635553,0.04783371219299951
6.28,0.0921342966957829,0.11380937433334394,0.12417881940537291,0.13101204730470847,0.1390559168095641,0.10862882396376208,0.09057063926011788,0.06112786327334556,0.04598302883069824,0.04577502139818778,0.04772416872511618
6.32,0.09176765638980276,0.1137808630254911,0.12424583695901914,0.13139063622548824,0.1392301176065509,0.10869223629730097,0.09068626468326636,0.06118663750936799,0.04584798970645646,0.04555550074189309,0.04761626085536297
6.36,0.0913902886612987,0.1137735354762598,0.12425352008282524,0.1317693660445625,0.13943919643338998,0.10875852256394344,0.0908040656646587,0.06128346815042098,0.04571173231849575,0.04529906175843715,0.04751724284570759
6.4,0.09102575548144384,0.11391500969031416,0.12413976102096298,0.13211986008961288,0.1395934897554892,0.10895450182503624,0.09090510866247793,0.06135010079813532,0.04559471235745423,0.044973786281426065,0.04742791403764718
6.44,0.09069259133878967,0.11398243152597415,0.12412119934913639,0.13245194602521101,0.13972668596937832,0.10916150138828731,0.09099828209966589,0.061416745914833225,0.045414029294976475,0.044658239925281555,0.04737634716846591
6.48,0.09041674634558615,0.11391807833236837,0.12426080850914083,0.13274682087555195,0.1400934534032936,0.10910782463127482,0.0910701764610279,0.0614005812343085,0.045240702268055794,0.04439702492466845,0.047347783014723636
6.5200000000000005,0.09018677560856099,0.1139822941215052,0.12422866891905236,0.13306819404169995,0.140325046249916,0.1090205199101695,0.09115847513932197,0.06142920757140441,0.045077096880188634,0.04419375936232077,0.04732996219586022
6.5600000000000005,0.08992026654146601,0.11402841732880613,0.12420554669190763,0.1333418758471985,0.1406400536508592,0.1089624767863685,0.0911871370170649,0.061496577565935594,0.044950463325109005,0.04390332620603471,0.04736385903924972
6.6000000000000005,0.08966840711577514,0.11404352605886123,0.12412942126016696,0.13364323220283855,0.1410463580440027,0.10881714761722987,0.0912633456262397,0.061515475347545825,0.04486152805821921,0.043553957792527645,0.04745760087659308
6.640000000000001,0.08940579215720133,0.11399993630225029,0.12407787708630161,0.13397343203468753,0.14143044924659032,0.10865710524252227,0.09129827542089301,0.06152366279248433,0.04482417008212633,0.043251070241725545,0.04755822939321757
6.68,0.08901885320887398,0.1139320687605629,0.1241182027932932,0.13433051154750528,0.14172227832269538,0.10836269402322483,0.09141128429175299,0.06159072381114505,0.044873350861814085,0.04297442107609197,0.047665611303040374
6.72,0.08869958128609706,0.11398661850159407,0.12406433687696872,0.13466307040646933,0.14196809977488958,0.10805363330871444,0.09150563741807205,0.061659422868873055,0.04484136940917734,0.04279638531487062,0.04776184483427372
6.76,0.08833127549046876,0.11386234745187043,0.12390241232207151,0.1350283808932235,0.1423247702474666,0.1078789478974437,0.09162112086137829,0.06172919370108106,0.04482651833304565,0.04262637584026098,0.04786865696168944
6.8,0.0880324377414043,0.11371634386053804,0.12385215005995882,0.13540371578579885,0.14262856020583534,0.10758081521098162,0.09174362684113009,0.061783057017734885,0.044843798097949944,0.04243726902812827,0.047978226150539906
6.84,0.08759687515305781,0.11360970116994838,0.12377110171328524,0.13578333566560358,0.1430030702337501,0.10733221478351918,0.09186744870907432,0.06183479626611642,0.044854775735946005,0.04225855887581378,0.048088121693885155
6.88,0.0872448518061625,0.11351266998143826,0.12382890187554266,0.13605186145343043,0.14322875463022242,0.1069943612052298,0.09198523400612367,0.0619859061420103,0.04490058103367047,0.04207249963556376,0.048194378230605774
6.92,0.08680016527237043,0.11332563163584485,0.12401999388751894,0.13639045457368051,0.1435980144818152,0.10670732574912334,0.09207765104375955,0.062017989759331205,0.044908016965291654,0.04186811263563864,0.04828664399562582
6.96,0.08647626880283765,0.1131695227534769,0.12422941231689397,0.13668365069010413,0.14372678995030766,0.10662763185583438,0.09216074579963193,0.06200944616396085,0.04492359101586773,0.041619526743924745,0.04837341390716007
7.0,0.08612301808740323,0.11307830485047342,0.12451424857059835,0.13698955868949347,0.1437921183675513,0.10652164671784448,0.09222622209960553,0.062066911315318295,0.0449135683300116,0.041325360705044216,0.04844904226665602
7.04,0.08577903259825198,0.1130126570822365,0.12478542881241886,0.13728157865031498,0.14400537493885723,0.10631147457130023,0.09228194604544976,0.06203074238432586,0.04493329049173588,0.04106159378225285,0.04851688064285596
7.08,0.08532945887280124,0.1129615124311439,0.12505661535670612,0.137562664001218,0.14430882790972852,0.10610993700613941,0.09232714282681977,0.06198850026905038,0.045016198756619843,0.04082053171025141,0.04851861085952131
7.12,0.0848769674405633,0.11293843037565256,0.1252931507713262,0.13784266468931675,0.14444085115009467,0.1060702149526439,0.09236794447535346,0.06200483329357795,0.04503948719458817,0.04066080358069191,0.04846465207619118
7.16,0.08444441888302671,0.1128812491948368,0.12542481507462622,0.13810115140131177,0.1447925595609245,0.10591743998052987,0.09239419808575682,0.062015149092074284,0.04507664153872373,0.040501326363125534,0.04845105082506378
7.2,0.08399605385174301,0.11289446678032583,0.1255513381494343,0.13837005449533166,0.1450710590788329,0.10576874176230694,0.09242552918236388,0.062057854339788325,0.0451054875551141,0.040340847774509705,0.04841856703024939
7.24,0.08355230435310257,0.11266331808169767,0.12572023371158553,0.1386227724719139,0.14540981821887475,0.10569227500153623,0.09244507852417731,0.06210172470003343,0.04518963804411832,0.04019146148912871,0.04841137540383153
7.28,0.0831122480506028,0.11233180678094143,0.12591593574947474,0.1388631203962006,0.1457551474534453,0.10566030811629541,0.09247234039939502,0.06211729374350784,0.04527164966719683,0.04008987211188459,0.04841027753105538
7.32,0.08259825061064827,0.11206661644818837,0.12620431795883588,0.13899456413507852,0.14607481650583867,0.10565150368882453,0.09250241363458431,0.062086015031582634,0.04535897678513716,0.040048764066497565,0.04841376113478428
7.36,0.0820411970279518,0.11188655160572217,0.12648088709120314,0.13917765330513066,0.1462720806839536,0.10555812658572164,0.09252768309117604,0.062080635561385,0.04551661775472553,0.040048795884720836,0.0484097714083097
7.4,0.08163739289779612,0.11165013202387435,0.1267345479546456,0.13920962224109237,0.14657463497569673,0.10535513426539136,0.09253847294543069,0.062108155889704975,0.04570537708732824,0.040079173927601776,0.04840735579143781
7.44,0.08126360499927145,0.11138876706320455,0.12702379983413759,0.1391246170870828,0.14693462652546213,0.10531888696832316,0.09257821992602597,0.062090323298898194,0.045887556045015716,0.04005187630171454,0.04833772195086388
7.48,0.08081617510692804,0.11116021083026856,0.12731244855869372,0.13898938885293272,0.14729685132527012,0.10534508215936442,0.09262250932770363,0.06204635853704334,0.046114950037362275,0.040039294174689044,0.048256731089744084
7.5200000000000005,0.08038385819479167,0.11095107547404671,0.1275409214514134,0.13902100352284041,0.1474731687272839,0.10534932105692475,0.09269565507237613,0.06203166119425238,0.04635047895611128,0.040094186696618045,0.04810866965334127
7.5600000000000005,0.07999919464484709,0.11066115078641972,0.12786276796304594,0.13891644586617127,0.1477185505269129,0.1053457094947526,0.09277214431594821,0.06201055517142616,0.046587154606057786,0.04018362753541056,0.0479426990890079
7.6000000000000005,0.0797097905599512,0.11047540462504525,0.12817365671389166,0.13859007739315407,0.1478860311468766,0.105405758915543,0.09284597769234598,0.06193831100576845,0.0467862112033511,0.040342433347896625,0.047846347396176055
7.640000000000001,0.07936940477658104,0.11032903225458549,0.12848588047468296,0.13843451111795202,0.14783234984878404,0.10558968703675602,0.09292676351542345,0.06181240488252609,0.04702088582625083,0.04046451031503613,0.04773456995142194
7.68,0.07914970315803385,0.11028721913299483,0.12865329116008145,0.1383068186854002,0.14766866163923006,0.10565725627662126,0.09303276974289645,0.06169603225385951,0.04726495826579854,0.040618012497692355,0.0476652771873914
7.72,0.07888922041035662,0.11023687644314285,0.1289182059581221,0.13793439029072127,0.14746363968819595,0.10593637850456752,0.09312426033717847,0.06164349909367052,0.04749924372153113,0.04077305687597261,0.04758122867654101
7.76,0.07866865567296762,0.11002572599914381,0.12906139246739806,0.137712258010363,0.1473736273893719,0.10627715476625631,0.0931965423963178,0.06154158318373393,0.0477206079985788,0.04093950792799598,0.04748294418787273
7.8,0.07844026329774129,0.10978334815010606,0.12906069293269887,0.13739982893863803,0.14741547080455955,0.10678562943997597,0.09325730255714997,0.06156372949579306,0.04793257871620018,0.0411111364633325,0.04725001920380446
7.84,0.07808809447143175,0.10957554162853915,0.12907731969513442,0.13703575783422967,0.14748958914604934,0.10729133556480835,0.09332922354932088,0.061636205938907174,0.04814664660182633,0.041281052987498554,0.04704923258225442
7.88,0.07788269050999334,0.10928721836354852,0.12897269097396588,0.13668473743925383,0.14760953357401654,0.10777954721104686,0.09339064278692008,0.06177791901531819,0.04835189862647781,0.041465528544738964,0.04679759295471995
7.92,0.07758344162482655,0.1089974743000835,0.1288243317394075,0.1363110576690623,0.14784764489315042,0.10830793009079533,0.09344632381101715,0.06191961400466381,0.04855134231175941,0.04165696483772048,0.046553874717513474
7.96,0.07721276546119968,0.10863013953669293,0.12884756182231671,0.13602047413438806,0.14800875192992718,0.10879705683763467,0.09347911288875127,0.06210991988031012,0.048735917831570344,0.04185477977564362,0.04630351990156527
8.0,0.07700261602314248,0.10817456380513836,0.12879932710499503,0.13572107714763865,0.14812707615132648,0.10931468962751074,0.09354800921924676,0.062304339922529185,0.04893690105896889,0.041999386800527436,0.04607201313897603
8.040000000000001,0.07687597311509999,0.10773950569136441,0.12870606991665437,0.13551636022223698,0.1479442689568331,0.10982557123284034,0.09362283468520423,0.06244831794499209,0.04913793910180963,0.04221864349333089,0.04596451563963397
8.08,0.07669551757047766,0.1073031814253463,0.12856266541315797,0.13527793848994443,0.14788363488590156,0.11034740857998411,0.09372014982296997,0.06261320082064022,0.049348385665311266,0.042396472020751676,0.045851445305514826
8.120000000000001,0.07642112973915184,0.10707241600228708,0.12838054139449534,0.1352762376186659,0.14765897303196063,0.11082084486444403,0.09378852882361254,0.06282471710511545,0.049540790257313616,0.042484772963261294,0.04573104819969238
8.16,0.07616716957542359,0.10698689724468541,0.12797089203976664,0.13535371259695939,0.1474690127732226,0.11128981752833818,0.09386664311275683,0.06295838985306057,0.04973510042577736,0.042576278076507705,0.04562608677350162
8.2,0.07597937090763172,0.10694482826701399,0.12766801759002078,0.1351513567338751,0.14729810355717113,0.11172909734483136,0.09393180256985079,0.06314058828536916,0.04991905862604481,0.04270538340330276,0.04553239271488835
8.24,0.0757963375232429,0.10688313282820619,0.1274614936629627,0.13482288596427966,0.1471953592711698,0.1121456225755684,0.09398992641605297,0.06341425277625734,0.050096556366350777,0.042810323723288336,0.04538410889262095
8.28,0.07559055188473095,0.1066986370236832,0.12737734850614682,0.13432446994711306,0.14711161575981746,0.11258177863551293,0.0940765796683093,0.06370312664125627,0.05028686029869155,0.04299637764073395,0.04525265399400452
8.32,0.07530475474872757,0.10648239823839778,0.12729002591063865,0.13377119987592692,0.14721372922324166,0.11306167301003917,0.09421144871291336,0.06386702374661136,0.050501426510586235,0.043168869021943536,0.04512745100097388
8.36,0.07493346533476754,0.10628627035704241,0.12730565624407328,0.13301510949031745,0.14738005786564118,0.11357654442129271,0.09438404722941417,0.06404705715596731,0.050733904914330365,0.043348295819073214,0.04498959116808033
8.4,0.07447952011273358,0.10603257506497117,0.1273462624639219,0.1325266843907609,0.14752493779542158,0.11404486141485295,0.09452613984743939,0.06419882376053852,0.05094761899767753,0.043489614419070226,0.044882961732612275
8.44,0.07405945316168286,0.10583464937230155,0.12745444862449753,0.13197202508186875,0.1474957217172881,0.11450549312910498,0.09466960731153744,0.06438336632135068,0.05115946773786623,0.04367788871238337,0.044787878830118553
8.48,0.07365641583635717,0.10564817321554387,0.1276162125426079,0.13150244438554962,0.14746712527158454,0.11493187419002177,0.09479401152691934,0.06450309961406363,0.0513590657980881,0.043791002144347314,0.044730575474916635
8.52,0.07330010516839458,0.10545014894126424,0.12766139990094652,0.13099351090100395,0.14761705284196436,0.11535167217512268,0.09492123384429939,0.06458488749260127,0.05155741362666948,0.04391479013080467,0.044647784976928874
8.56,0.07297526348255959,0.10518436871509786,0.12770785847954835,0.13049338756871803,0.14792398478446245,0.1157085874271153,0.09500306539089301,0.06470410445799614,0.05172829815055865,0.04401972782286485,0.04455135372018562
8.6,0.07269494577069735,0.10492273263916221,0.1277262908534842,0.1299317959693504,0.14820594166670795,0.11608584669709539,0.0951068097810616,0.06480560214052511,0.051908651560470684,0.04414734050928742,0.044464042412157845
8.64,0.07250882833277973,0.10482433394027213,0.12747985270656628,0.12926486367692452,0.1485262025069761,0.11645784506149207,0.09521136126198927,0.06489691621784222,0.052087076481901924,0.0443003050701877,0.04444241474306808
8.68,0.07233147501068239,0.10474101627492258,0.12730817349784831,0.12856997533128348,0.14884019357751443,0.11682897779750821,0.09531977217480271,0.06492839478130216,0.052167070593008444,0.044467120673640115,0.04449783028748718
8.72,0.07210114275629512,0.10456724338664665,0.12729550070413923,0.1278152986252923,0.14909369556239618,0.11721408693796431,0.09544341949680829,0.06501385913340298,0.052244563517803974,0.04461852326153858,0.04459266661771235
8.76,0.07200446000585593,0.10427009474752263,0.12730322758086643,0.12699387037327683,0.149379350817286,0.11757039421092239,0.09554843860237766,0.06517022209886007,0.05235308445321953,0.04469847893741774,0.044708378172394744
8.8,0.07187869953368047,0.10405863999686148,0.1272707804926319,0.12632918779190666,0.14949032173790888,0.11791277483110646,0.09564729023867158,0.06533795154709238,0.05246197056890943,0.04481795031324052,0.04479443294799029
8.84,0.07191736968563471,0.10380979207675414,0.1271523912383608,0.1257602731720387,0.14950542733217714,0.11826568665112024,0.0957610760568137,0.06544506236554971,0.05255930271143375,0.044932564525567834,0.04489105418454923
8.88,0.07198883586424737,0.1036477581371901,0.12682538826524936,0.1254094429022444,0.14931693517574926,0.11866350451553172,0.09591747710531369,0.06552417569478812,0.052639542362801675,0.04503925818469788,0.04502768179218651
8.92,0.07208112558379713,0.10354034622194466,0.12623009118565898,0.12517950938539313,0.14910228220615843,0.11905178092431445,0.0960735880194856,0.06566916805888455,0.052788574927220853,0.04512012846923989,0.045163405017902426
8.96,0.0721313309009906,0.10338036013606676,0.1256249061147877,0.1250931301330768,0.14879321104851545,0.11942976438836592,0.09622948526974984,0.06586334311162631,0.05287060734124332,0.04528614179290859,0.04529771976266892
9.0,0.07211702421326983,0.10324615776313281,0.1251775055546491,0.12504759305550595,0.14864102387705952,0.11975212270470224,0.09634969258424608,0.06592427320656913,0.05288047568670011,0.04547787426387886,0.04538625709028643
9.040000000000001,0.07213954431765582,0.10324175546982024,0.12483423399689163,0.12492337484752868,0.14847332196459814,0.12003703868097224,0.09644599127342744,0.06597973740898781,0.052859008580565414,0.04565260383851938,0.045413389621033334
9.08,0.07208094683076018,0.10313956008966405,0.12467010546842351,0.12500466436528862,0.14830187426668429,0.1202654419516812,0.09650295326313789,0.06596872093874727,0.05290030268193581,0.04576211971624971,0.04540331042742754
9.120000000000001,0.0719869516804468,0.103103875214015,0.12461744204370186,0.12507097178221968,0.14808202671261472,0.12045618720106226,0.09653482693490188,0.06603385461212198,0.052835378515513017,0.045902960271067016,0.0453755250323357
9.16,0.07185723378209447,0.10315910417853685,0.12459444893626559,0.12482870321009999,0.14804471697850574,0.1206692630493748,0.09659062435032921,0.06618332985550923,0.05269366666517588,0.04605079042256293,0.045328118571545534
9.200000000000001,0.07176396577635627,0.10314574348122592,0.12458690328242954,0.12459495878610251,0.1479165540232946,0.1208949710139736,0.09666196610668462,0.06633299441001028,0.05258222234830079,0.04620029280735511,0.04531942796426677
9.24,0.07163984626302533,0.10325490999432248,0.12462847245716255,0.12432302684345797,0.14773036598192762,0.12116608682277574,0.09677556094247862,0.06636336419481946,0.052445954290006376,0.04630289098083954,0.04536952122918431
9.28,0.07143333465601195,0.1033384671873487,0.12466514868598019,0.12407665956532975,0.14754287767806432,0.12142927266239587,0.09688789703572831,0.06641321979862098,0.052303757471668134,0.046422706552335595,0.04548665870651633
9.32,0.07131246151899935,0.10345596934034076,0.12471969730690254,0.12365693884987425,0.14737749639414952,0.12170678593540092,0.09701678209250947,0.06640977798373256,0.05214375918137179,0.04658891635024219,0.0456114150464769
9.36,0.07120819965143518,0.10352608566821375,0.12471675908083601,0.12338370497837324,0.1473899362611583,0.12192673012610954,0.09710410582055892,0.06635410630777872,0.05195478799261927,0.04671838869782416,0.04571719541509289
9.4,0.07101111442852026,0.10356841177777802,0.12463567332518397,0.12318722926380293,0.14744872212722307,0.12211377911157713,0.09716745965367671,0.06632727750924727,0.05188153778917663,0.046846614426512015,0.045812180587301944
9.44,0.070773939574171,0.10364162538933896,0.12459787343120086,0.12283345561617334,0.1476260473170657,0.12234929238915584,0.09727138873554778,0.06617417327711378,0.051813315656624094,0.04699220474640448,0.04592668386720391
9.48,0.0706325741381452,0.10369414776834326,0.12450530655786862,0.12256007029953146,0.14785484451546121,0.12255374091926634,0.09735051882726321,0.06593045678295319,0.05181258629743296,0.04707512642285272,0.04603062747088194
9.52,0.07051623991284527,0.10376130138379402,0.12426375808243718,0.12238954600233179,0.14803643682357703,0.12277866618426986,0.09744439133364582,0.06574351964453166,0.051750442823523125,0.04717315895430273,0.04614253885474145
9.56,0.07044536903188628,0.10377061435164874,0.12413340247504462,0.12214717043679042,0.1482243366614424,0.12295465187381599,0.0974989673998746,0.06555086606809626,0.05174454191828688,0.04729342483743023,0.046236654945683506
9.6,0.07029624262158107,0.10378949560726092,0.12409278742642355,0.12192382430850925,0.14840892744663528,0.12312832242203996,0.09755103431561381,0.0653140382151863,0.05176308061768973,0.0474015828011209,0.046330664217939105
9.64,0.07014478174147346,0.10377351621274136,0.12401202295695295,0.12183471459080104,0.1485432486323827,0.12326235725827576,0.09757062468448188,0.06511316650934859,0.05183092113945272,0.04750424593537397,0.04641040033871548
9.68,0.07003578358846285,0.10375110948460012,0.1239264888841369,0.12187693413669612,0.1486694739433872,0.12339011694964257,0.09758485019920238,0.06479760908171214,0.05187466002208667,0.04760446474692788,0.046488508963145186
9.72,0.06990557007055825,0.10373021834941677,0.12384634042882302,0.12200893290861078,0.14879974463956083,0.12352043072170767,0.09759954433618985,0.06438843259072387,0.05195914139918858,0.04770544191159231,0.04653620264362801
9.76,0.06970935345712974,0.10371719515032747,0.12378015100430502,0.12212643178291702,0.1489443929907032,0.12366110435440131,0.0976198998535791,0.06400476120905839,0.05200551863708951,0.047810281516336206,0.046620910044152794
9.8,0.06951555246577223,0.10369610541655053,0.1237093974777933,0.12222457409696014,0.1490812317112697,0.12379395766194785,0.09763181965726982,0.06368666369650429,0.05204542203426434,0.04791188192214328,0.04670339385952451
9.84,0.06922614204766211,0.10364480125143309,0.12360733337459372,0.12260447972281327,0.14917801586897309,0.12389232529147182,0.09761509076133888,0.06344046126315897,0.05204783260907254,0.047999886940408285,0.046743630869074196
9.88,0.06889796836476147,0.10362290040319608,0.12354885005491903,0.12291083295553314,0.14932492403913378,0.12402829000572076,0.09755923604582398,0.0631858854042426,0.05202779574830478,0.04810169533629924,0.04679162164206514
9.92,0.06861682772517254,0.10358563467586748,0.12347997537862006,0.12326226018764683,0.14945699071155089,0.12414826596668509,0.09756009479347653,0.06289425287545036,0.052000663013691203,0.04819638980831008,0.04679864486352899
9.96,0.06825094338422875,0.10357633017420903,0.12345202723181102,0.12350005018445823,0.14963637236182567,0.12430418463499647,0.09758800138479769,0.06262578740249793,0.051887600623318895,0.0483034895319341,0.04687521308592234
10.0,0.06782881471509172,0.10354447260521148,0.12340441600099489,0.12390705121883648,0.14972549100564997,0.12443668245184364,0.09756256923739871,0.06238104999247716,0.051847385428695304,0.04839953222899082,0.046962535114809925
10.040000000000001,0.06750307209963452,0.1035074607780036,0.12336002535749072,0.1243056197170624,0.14981001740631594,0.1245660736613334,0.09756913116547392,0.062090030190907586,0.051745125219210875,0.048493820711119295,0.047049623693447805
10.08,0.06723312893687651,0.10345894366262362,0.12330977663860114,0.12468691033405827,0.1497799638831728,0.12468372849746327,0.09756574823596302,0.06191336153228407,0.051653103703229626,0.048582269564131565,0.04713306501159591
10.120000000000001,0.06697073224292154,0.10341495045824954,0.12327173918673973,0.1250685553791027,0.14964401757705323,0.12480714126386812,0.0975681306000413,0.06177606355141785,0.0515866297168481,0.04867223668531977,0.04721980333843811
10.16,0.06668609960676791,0.10336265792119509,0.12323031828635296,0.1252667225273085,0.14971989770771815,0.12491967865519538,0.09756443571531641,0.06171368041642746,0.051474695277735384,0.0487578929263119,0.04730392095967076
10.200000000000001,0.06637019338711597,0.10332685993582134,0.12321343639706007,0.12539955694251012,0.1499123845030882,0.12505355008167943,0.09757896883622495,0.06158385409950097,0.051313789914272684,0.04885060083640085,0.0473968050663254
10.24,0.06606814844961183,0.10328028502423622,0.12318813021144476,0.12551367387825457,0.15009279611804288,0.1251771142976017,0.09758549699070847,0.06149765279835798,0.05117343592118911,0.0489371356826821,0.04748613062787053
10.28,0.06577534558985841,0.10323786084946764,0.12317176333298616,0.12553298249131778,0.15028233742264835,0.1253081409648537,0.0975983901760868,0.06141278060794755,0.05107706243744482,0.04902472701977333,0.04757860910761546
10.32,0.06555800083192881,0.10317908530283466,0.1231387261282492,0.12550930362246143,0.15044990073262995,0.12542162102303483,0.09759813012742789,0.061284674429968336,0.0510918089809342,0.04910402869198348,0.04766472012854733
10.36,0.06545764007987373,0.10311211029120088,0.12309739012144809,0.12547858144210786,0.15060571729759178,0.12552630439416035,0.09759118509333745,0.06113788390798566,0.05106577605301086,0.04917965250002259,0.047747758819260806
10.4,0.06536711329148476,0.1030421175960945,0.12305243892298126,0.1254443269390741,0.15075552239746723,0.12562693334334687,0.09758110961502245,0.06094636314950372,0.0511014595053277,0.04925309434054373,0.04782952089915362
10.44,0.06538916555298778,0.10296231847534901,0.12299561908728733,0.12528717087145982,0.15088919628422556,0.12571504726975272,0.09756090429911901,0.06079172570660216,0.051202112606603824,0.04929996561716737,0.04790677422944527
10.48,0.06538955740821618,0.10287081874353181,0.12292216959272982,0.1252262710377764,0.15100095196698315,0.12578679187338998,0.09752807640040681,0.060677589787722565,0.05132224100115981,0.04929770813411489,0.047977824053968596
10.52,0.06542365191273944,0.10280741327649269,0.1228809441586995,0.1249806643672772,0.15115070706701453,0.1258910173615393,0.0975210234750764,0.06054299342328432,0.05144044038213824,0.04930025864700941,0.04806088592872915
10.56,0.06545506098650541,0.10273699210378653,0.12282776476540606,0.12478272785062738,0.15128441345866545,0.12598462866444085,0.09750593501888283,0.060406357402082556,0.05156543488736131,0.04931123254832071,0.048139452313920965
10.6,0.06545342508985766,0.10268602139621073,0.12279489361219006,0.12452435199224736,0.15144175554103295,0.12610007623331634,0.09750797562926843,0.06031696926229007,0.051614416775687615,0.04933405135724108,0.04822606311065768
10.64,0.06538814658872333,0.10261341605455984,0.12273304665823576,0.12449676881677943,0.15156205568625397,0.1261875115165567,0.097488986158009,0.060327852318077586,0.051563138418856215,0.04933737436603022,0.048301703417918
10.68,0.0652249647667434,0.10255589397922042,0.12268927181850542,0.12444686456439823,0.15170311341912762,0.1262926706864431,0.09748552744229609,0.06033136211729028,0.05154252224020424,0.0493440145726618,0.048383794393109344
10.72,0.06505265732282765,0.10248913967571441,0.12263540266752207,0.12441636588057396,0.15183019986227453,0.12638700363651062,0.0974753319199386,0.060424938479236315,0.05145392576328612,0.049373666661923554,0.04846136813019237
10.76,0.06494015650886123,0.10240383752584996,0.12256058445829134,0.12439775230488684,0.15192981354138912,0.12645900031581472,0.09745051324378637,0.06054589919420753,0.05135279566071842,0.0494293791081355,0.048530268138058975
10.8,0.0647813160367162,0.10231152161994034,0.12247803043326581,0.12445608708757779,0.15201825432026234,0.12652194168715908,0.09742167236722678,0.06069205010972966,0.05125523880796422,0.04946797510268196,0.048595912427475824
10.84,0.06466363996351655,0.10221877007389878,0.12239691060069431,0.12452403377496563,0.1521068168319634,0.12658448488823243,0.09739571736401123,0.06084731698178984,0.05114488668845556,0.04945595035012709,0.048661472482345196
10.88,0.06454273284259279,0.10211120127751784,0.12229953348606754,0.1247090631025619,0.1521735119808161,0.12662829085487504,0.09735855471104621,0.06097254531405041,0.05103846919994265,0.049446722315838,0.04871937491469158
10.92,0.06442149962157909,0.10198570227367963,0.12218331748216908,0.12493167260426276,0.15221492857839483,0.12664936255777093,0.09730683067166637,0.061101763185137034,0.050939790983437316,0.04949698010907044,0.04876815193283244
10.96,0.06426296539889466,0.10186589198948111,0.12207689837176662,0.1251947534973796,0.15226665571223308,0.12667685845082013,0.09726303063691798,0.06119348485357224,0.05083936874261604,0.049548534174209846,0.04881155817210865
11.0,0.06416044392821683,0.1017334649303274,0.12195906031010877,0.12547319722979283,0.1523022261497759,0.1266885478922158,0.0972095600426004,0.061290940081165986,0.05073334086401727,0.049592568200608665,0.04885665037117007
11.040000000000001,0.06404628868908589,0.10160626464768702,0.12185058783449579,0.12576156507147548,0.15234756655621065,0.1267058177038035,0.09716289388814557,0.06137576165119291,0.05063428866985194,0.0496375369298895,0.04887142835816166
11.08,0.06393792457137151,0.10148531303257789,0.12175283221531909,0.1260511133890288,0.1524044215708207,0.12673017639288886,0.097123928045229,0.061415368278110304,0.05051133978578939,0.04968375866418115,0.04890382405468321
11.120000000000001,0.06384494872624075,0.10135907536138598,0.12165177401149471,0.12630589121791297,0.15245529380481854,0.1267472208748094,0.09708102676495985,0.061482360383722186,0.05044645146775176,0.04972548412240113,0.048900473264502704
11.16,0.06383430792334562,0.10123573129714844,0.12155663734681922,0.12657991946628247,0.1525117911476142,0.12676693489919014,0.09704210080457343,0.06149682979241627,0.05037543633982384,0.04976038401920215,0.04883992696358425
11.200000000000001,0.06383295107655984,0.10111433536130207,0.12146538346525547,0.12684895623091322,0.15257137459423326,0.12678713647953077,0.09700484219223597,0.06157805438389001,0.05028415979393838,0.049800131701793926,0.048712674720346995
11.24,0.0639167627773088,0.10099717123164807,0.12138054245392602,0.126999503512456,0.1526372533831792,0.12681061378143804,0.09697202710727469,0.06171899218794575,0.05012707680765542,0.04983701005188217,0.04860304670528591
11.28,0.06404934940836929,0.10090565047975739,0.12132564412743864,0.12705491852657294,0.1527392238676179,0.1268632781443118,0.09696399626436836,0.061830920876227984,0.050025554759322376,0.04981640399486687,0.048425059551146475
11.32,0.06409933717322278,0.10081149354088811,0.12126513194639447,0.12720540213064485,0.152832740036828,0.12690927825899737,0.09695280047230172,0.06195799445463226,0.04990127311592947,0.04977866633443754,0.04828588253572337
11.36,0.06415491050245752,0.1007202700569599,0.12120769690487421,0.12742227100146197,0.1529286095272224,0.12695669239096113,0.09694475901698726,0.06207115334340101,0.049805847039617365,0.049683969707470854,0.04810382050858658
11.4,0.06422878828029108,0.10061906728711624,0.12113835891434159,0.12768851960001956,0.15300784467801198,0.1269892176291884,0.09692721246339554,0.06222605332080051,0.04972604529632,0.049588900671583294,0.047859991858931764
11.44,0.06428959982617179,0.10050770448990184,0.12105716674660318,0.1279341858178531,0.153070379100568,0.1270062870148132,0.09690019720154514,0.06245232018666562,0.04964734820441613,0.049453505206293,0.04768130620516879
11.48,0.06432724286303337,0.10040540762293272,0.12098726492653814,0.12818390337872324,0.15314546478594912,0.12703229329453747,0.0968830819110795,0.06258435445173044,0.04965134246577779,0.049281768216287734,0.04751787608341054
11.52,0.06430941882851396,0.10029998223909163,0.12091423645518505,0.12842265337975417,0.1532148842895115,0.12705224153363195,0.09686329492630079,0.06274073821477966,0.049651403927398405,0.04916950216730502,0.04736164403852786
11.56,0.06434907112943355,0.10017075504152516,0.12081370800831605,0.1285852573605369,0.15324771796875306,0.1270406082963018,0.09682161085774584,0.06289694733482264,0.04971902894738231,0.049124900412145615,0.04723039464303717
11.6,0.06446816684094302,0.10001449185597554,0.12071934072639234,0.12878760846635925,0.1532866669360872,0.1270332641642723,0.09678547404907546,0.06304337321081842,0.0496788219451063,0.049095478663430524,0.04708731314153958
11.64,0.06458096150557993,0.09981894594940516,0.12066083860810495,0.12890974589091705,0.15329120622015674,0.1270615513745412,0.09677855937176917,0.06311201647458643,0.049683102166254385,0.04908926074665762,0.047013811692027375
11.68,0.06459989024247101,0.0996739885011644,0.12056766975858096,0.12910327838316019,0.15331358281724472,0.1270524631903541,0.09674473857676216,0.06323810562601209,0.049671001966776165,0.04910574251813324,0.046929538419340965
11.72,0.0646211965682314,0.09956216300293023,0.12048069316431002,0.12929660928587228,0.1532392461071713,0.1270476592522847,0.0967160597266331,0.06338645122025345,0.04969313108056987,0.04912258582225893,0.046834204769484834
11.76,0.06469509181091415,0.09946837833228392,0.12041605517501117,0.12950605491606634,0.15304511551022407,0.12706302807996067,0.09670548929624709,0.06354971601521897,0.0496928932395135,0.049146513258801504,0.04671166436575856
11.8,0.06479751650054633,0.09935654363580773,0.12032948506166569,0.12968290282883013,0.15305593158586078,0.12705064784385606,0.0966775414028254,0.06370694530724617,0.04963235184129823,0.04915886177082345,0.04655127222123987
11.84,0.0648212712921982,0.09926727637312331,0.1202695875452432,0.12988191953404946,0.15290354458205216,0.12706415793812054,0.09667133816543756,0.06391533743762057,0.049537391853242844,0.04917876292126628,0.046489412357645865
11.88,0.06489121748614754,0.09919407619222684,0.12022961247951879,0.13009431817190203,0.15264299506934573,0.1270947538200977,0.09668188508139393,0.0641033370375272,0.04944980122415599,0.04920400997009861,0.04641399346758563
11.92,0.06486692389440649,0.09914908746563335,0.12022378279023785,0.1303346349883445,0.15229454057759653,0.1271564456078936,0.09672033320507449,0.06432897904242184,0.049362878340445844,0.04924031067559927,0.046322083412346074
11.96,0.06488019604494785,0.09908688562640232,0.1201983367910004,0.13054372067905007,0.15199643268961482,0.12719137201319947,0.09674366457765889,0.0645382786589489,0.049291951219751384,0.04926531895154694,0.04626384274787896
12.0,0.0649509980206868,0.09899689585735527,0.12013969378139885,0.1307076823075228,0.15171753697478874,0.12718605280931547,0.09674087500193856,0.06472422581371501,0.04931560501986936,0.04927420446454175,0.046246229948867526
