model,beta,k,selection_count,selection_probability,mean_residence,mean_final_occupancy
null,0.5,4,84,0.084,2.7265511122896724,0.0908543558204586
null,0.5,6,93,0.093,2.7275903893860134,0.09096335839405871
null,0.5,8,90,0.09,2.727340668407751,0.09096969998226206
null,0.5,10,103,0.103,2.726808338139439,0.09089155763537506
null,0.5,12,84,0.084,2.7283031652505034,0.09102946316731587
null,0.5,14,92,0.092,2.727513999527878,0.09086507086261358
null,0.5,16,84,0.084,2.7262938664947685,0.0907845808962028
null,0.5,18,95,0.095,2.727448835655834,0.09089691354581116
null,0.5,20,99,0.099,2.727253145769545,0.09091818623769227
null,0.5,22,73,0.073,2.7275419181189724,0.09088132336160622
null,0.5,24,103,0.103,2.7273545609596157,0.09094549009660348
candidate_pair_residual,0.5,4,0,0.0,2.5909768472494354,0.08624518228712073
candidate_pair_residual,0.5,6,0,0.0,2.6524275976198783,0.08829211399037118
candidate_pair_residual,0.5,8,0,0.0,2.828275686939613,0.09429487891951857
candidate_pair_residual,0.5,10,0,0.0,3.142818689778658,0.10497167078245953
candidate_pair_residual,0.5,12,1000,1.0,3.6242331573975317,0.12150359429579674
candidate_pair_residual,0.5,14,0,0.0,3.1039269018079603,0.1037451687691284
candidate_pair_residual,0.5,16,0,0.0,2.716003059643211,0.09046308430550294
candidate_pair_residual,0.5,18,0,0.0,2.4745232732305,0.08234559831002136
candidate_pair_residual,0.5,20,0,0.0,2.343872168922163,0.07791210840294197
candidate_pair_residual,0.5,22,0,0.0,2.2770856130080652,0.07561852743058699
candidate_pair_residual,0.5,24,0,0.0,2.2458570044029886,0.07460807250655142
control_shift_minus_1,0.5,4,0,0.0,2.4983588309903344,0.08309552058097627
control_shift_minus_1,0.5,6,0,0.0,2.5238038805897385,0.0839623751330566
control_shift_minus_1,0.5,8,0,0.0,2.6436162776107115,0.08802501308650404
control_shift_minus_1,0.5,10,0,0.0,2.8728298105746632,0.09590777682151445
control_shift_minus_1,0.5,12,0,0.0,3.258397303843262,0.10899286033722784
control_shift_minus_1,0.5,14,1000,1.0,3.5073148608477505,0.11735642732388656
control_shift_minus_1,0.5,16,0,0.0,2.9941821474646715,0.09999307648696863
control_shift_minus_1,0.5,18,0,0.0,2.6430715786951775,0.08804417017134201
control_shift_minus_1,0.5,20,0,0.0,2.440073482585709,0.08115218325663574
control_shift_minus_1,0.5,22,0,0.0,2.3347585305185845,0.07762474494685526
control_shift_minus_1,0.5,24,0,0.0,2.283593296279396,0.07584585185503266
control_shift_plus_1,0.5,4,0,0.0,2.796030754482273,0.09322157854845371
control_shift_plus_1,0.5,6,0,0.0,2.870773047389181,0.09576697777426281
control_shift_plus_1,0.5,8,0,0.0,3.1108950383780383,0.10390771479231894
control_shift_plus_1,0.5,10,1000,1.0,3.5133903712683847,0.11764235325062779
control_shift_plus_1,0.5,12,0,0.0,3.2197646898520023,0.10757179896334443
control_shift_plus_1,0.5,14,0,0.0,2.8093043474088697,0.09374658131963522
control_shift_plus_1,0.5,16,0,0.0,2.534382519414692,0.08435431464234357
control_shift_plus_1,0.5,18,0,0.0,2.3752394510609864,0.07896586107117906
control_shift_plus_1,0.5,20,0,0.0,2.291050593509901,0.07608314106624285
control_shift_plus_1,0.5,22,0,0.0,2.249771182526116,0.07470233759843302
control_shift_plus_1,0.5,24,0,0.0,2.2293980047095623,0.07403734097315842
control_linear,0.5,4,521,0.521,3.607129130887139,0.12097880017072137
control_linear,0.5,6,479,0.479,3.6079757658463802,0.12085333722796401
control_linear,0.5,8,0,0.0,3.1062507843583114,0.10373865161161391
control_linear,0.5,10,0,0.0,2.75610473885351,0.09186764879054686
control_linear,0.5,12,0,0.0,2.555761491825222,0.08501403320099678
control_linear,0.5,14,0,0.0,2.4538554324424298,0.08160617386983328
control_linear,0.5,16,0,0.0,2.4073315131911297,0.08002124046586677
control_linear,0.5,18,0,0.0,2.3861586062783324,0.07934039459941301
control_linear,0.5,20,0,0.0,2.3766240315517715,0.07893024986048558
control_linear,0.5,22,0,0.0,2.3717752840126165,0.07885127679939714
control_linear,0.5,24,0,0.0,2.371033220753172,0.07879819340316113
control_cubic,0.5,4,0,0.0,2.3738633014701276,0.07894939240077961
control_cubic,0.5,6,0,0.0,2.3534188780055976,0.07822521557656067
control_cubic,0.5,8,0,0.0,2.3616213354353226,0.07850827097533356
control_cubic,0.5,10,0,0.0,2.390954732115492,0.0795027459421566
control_cubic,0.5,12,0,0.0,2.4503198733241454,0.08150465378035915
control_cubic,0.5,14,0,0.0,2.558379940068768,0.08515474584497695
control_cubic,0.5,16,0,0.0,2.7494041667101925,0.0916283805993404
control_cubic,0.5,18,0,0.0,3.0703444572401475,0.1025591627644557
control_cubic,0.5,20,1000,1.0,3.560502286280986,0.11920654256006494
control_cubic,0.5,22,0,0.0,3.284998751159491,0.10982128941247199
control_cubic,0.5,24,0,0.0,2.846192278189723,0.0949396001435002
null,1.0,4,87,0.087,2.727621842019674,0.09092028114554973
null,1.0,6,86,0.086,2.727057037587225,0.09083879813912507
null,1.0,8,86,0.086,2.726804580447778,0.0909532121116435
null,1.0,10,91,0.091,2.7272996496236215,0.09094358671503977
null,1.0,12,82,0.082,2.726544750744004,0.09083763861609004
null,1.0,14,97,0.097,2.727702226641066,0.09092239983755987
null,1.0,16,96,0.096,2.7276817603112224,0.09091233912844726
null,1.0,18,92,0.092,2.727075501070202,0.09089271032480938
null,1.0,20,95,0.095,2.7269598069592162,0.09088473967915142
null,1.0,22,96,0.096,2.727744577252351,0.09099662272464917
null,1.0,24,92,0.092,2.7275082673436444,0.09089767157793464
candidate_pair_residual,1.0,4,0,0.0,2.40882779504346,0.08001206642313168
candidate_pair_residual,1.0,6,0,0.0,2.523690151066633,0.08392492232451151
candidate_pair_residual,1.0,8,0,0.0,2.868224189937175,0.0955806049127873
candidate_pair_residual,1.0,10,0,0.0,3.5439180930114436,0.11858639187823102
candidate_pair_residual,1.0,12,1000,1.0,4.711161571690264,0.1586452449942026
candidate_pair_residual,1.0,14,0,0.0,3.456674164497175,0.11566967319823987
candidate_pair_residual,1.0,16,0,0.0,2.646735244794815,0.08809485897509473
candidate_pair_residual,1.0,18,0,0.0,2.1984538845659594,0.07293996898031829
candidate_pair_residual,1.0,20,0,0.0,1.9715866234889796,0.0652384160163597
candidate_pair_residual,1.0,22,0,0.0,1.861066298351217,0.061491332140761044
candidate_pair_residual,1.0,24,0,0.0,1.809661983552879,0.05981652015636192
control_shift_minus_1,1.0,4,0,0.0,2.246030118008719,0.07453372478025355
control_shift_minus_1,1.0,6,0,0.0,2.294918712356707,0.07625313456571013
control_shift_minus_1,1.0,8,0,0.0,2.5151273109274728,0.08363702360195117
control_shift_minus_1,1.0,10,0,0.0,2.972930406118493,0.09912464489242438
control_shift_minus_1,1.0,12,0,0.0,3.8215224933201366,0.12808184718266485
control_shift_minus_1,1.0,14,1000,1.0,4.423754386268472,0.14879951235038022
control_shift_minus_1,1.0,16,0,0.0,3.2260739193176025,0.10770888230550724
control_shift_minus_1,1.0,18,0,0.0,2.5150416972474847,0.08366098105915913
control_shift_minus_1,1.0,20,0,0.0,2.1440601380550692,0.07109831617088225
control_shift_minus_1,1.0,22,0,0.0,1.9629644380421276,0.0649857417501438
control_shift_minus_1,1.0,24,0,0.0,1.8775763803377163,0.06211619134092348
control_shift_plus_1,1.0,4,0,0.0,2.80110897105586,0.09335689320536876
control_shift_plus_1,1.0,6,0,0.0,2.956785352626104,0.0985921734815452
control_shift_plus_1,1.0,8,0,0.0,3.468425041120269,0.11599807411202649
control_shift_plus_1,1.0,10,1000,1.0,4.423410339277127,0.14858010259763488
control_shift_plus_1,1.0,12,0,0.0,3.7148177438601624,0.12456867285712565
control_shift_plus_1,1.0,14,0,0.0,2.8301700989498366,0.0943893091734161
control_shift_plus_1,1.0,16,0,0.0,2.303136192804583,0.07649957254762879
control_shift_plus_1,1.0,18,0,0.0,2.0225066364501263,0.06693551129291866
control_shift_plus_1,1.0,20,0,0.0,1.8822274329930906,0.06225162435508754
control_shift_plus_1,1.0,22,0,0.0,1.8144716481491086,0.05996150665705567
control_shift_plus_1,1.0,24,0,0.0,1.7829405427137435,0.05886655972019233
control_linear,1.0,4,498,0.498,4.635791118294036,0.15594796013425746
control_linear,1.0,6,502,0.502,4.636011846306756,0.15590739249723154
control_linear,1.0,8,0,0.0,3.4377361711114105,0.11496145775170698
control_linear,1.0,10,0,0.0,2.7054192361569136,0.09007988533060199
control_linear,1.0,12,0,0.0,2.3262748896301604,0.07717708960989023
control_linear,1.0,14,0,0.0,2.146069367546719,0.0711037109462187
control_linear,1.0,16,0,0.0,2.0636156602756484,0.06838442920386106
control_linear,1.0,18,0,0.0,2.0281426112805736,0.06716560893969022
control_linear,1.0,20,0,0.0,2.012385138871705,0.06661782484330915
control_linear,1.0,22,0,0.0,2.005924991726111,0.06638042270671111
control_linear,1.0,24,0,0.0,2.002628968799969,0.06627421803652127
control_cubic,1.0,4,0,0.0,2.024045481357705,0.06698887941984703
control_cubic,1.0,6,0,0.0,1.9878801896472793,0.06579838991883792
control_cubic,1.0,8,0,0.0,2.002285732003785,0.06628160652687941
control_cubic,1.0,10,0,0.0,2.0531352471166917,0.06799559367572058
control_cubic,1.0,12,0,0.0,2.155296498865852,0.07141262626926917
control_cubic,1.0,14,0,0.0,2.3492698738836366,0.07801695446052605
control_cubic,1.0,16,0,0.0,2.7124377336733385,0.09033975426782855
control_cubic,1.0,18,0,0.0,3.384815589481103,0.1132118925591314
control_cubic,1.0,20,1000,1.0,4.551982297508845,0.15325047621040386
control_cubic,1.0,22,0,0.0,3.87099041008622,0.12974445945408902
control_cubic,1.0,24,0,0.0,2.9078609463755427,0.09695936723746701
null,2.0,4,79,0.079,2.727915817263257,0.09091054813474063
null,2.0,6,95,0.095,2.7275433725239693,0.09095677217640619
null,2.0,8,80,0.08,2.726803750026227,0.09088320617392795
null,2.0,10,86,0.086,2.727475587930716,0.09089557332426998
null,2.0,12,92,0.092,2.727361681176361,0.0909053728282484
null,2.0,14,104,0.104,2.7273723663254725,0.09088632425259349
null,2.0,16,90,0.09,2.72672715261823,0.09090047906314114
null,2.0,18,93,0.093,2.7272349194321355,0.09090473996032344
null,2.0,20,85,0.085,2.727090118727,0.09091611306492861
null,2.0,22,97,0.097,2.726648962554228,0.09089628087497993
null,2.0,24,99,0.099,2.7278262714224266,0.09094459014643974
candidate_pair_residual,2.0,4,0,0.0,1.9437476744253297,0.0640567785356107
candidate_pair_residual,2.0,6,0,0.0,2.1350304874990953,0.07053892943117551
candidate_pair_residual,2.0,8,0,0.0,2.757980896723575,0.09158358539896852
candidate_pair_residual,2.0,10,0,0.0,4.208011322774407,0.14107973105593413
candidate_pair_residual,2.0,12,1000,1.0,7.422787320917796,0.25157635931935973
candidate_pair_residual,2.0,14,0,0.0,4.001999816308856,0.13391281957436318
candidate_pair_residual,2.0,16,0,0.0,2.346550384597894,0.07770640816151987
candidate_pair_residual,2.0,18,0,0.0,1.6198453738235274,0.05320636503544779
candidate_pair_residual,2.0,20,0,0.0,1.303004228072914,0.04263177886326182
candidate_pair_residual,2.0,22,0,0.0,1.1621947517079771,0.0379004247396906
candidate_pair_residual,2.0,24,0,0.0,1.098847743148614,0.035806819884668446
control_shift_minus_1,2.0,4,0,0.0,1.713709184915802,0.056403730955589274
control_shift_minus_1,2.0,6,0,0.0,1.787942042966557,0.058900518167850364
control_shift_minus_1,2.0,8,0,0.0,2.1496358128485205,0.07107411696372556
control_shift_minus_1,2.0,10,0,0.0,2.997817972018388,0.09979447578499767
control_shift_minus_1,2.0,12,0,0.0,4.958885619682384,0.16680913161859612
control_shift_minus_1,2.0,14,1000,1.0,6.644815498387411,0.2247447758615106
control_shift_minus_1,2.0,16,0,0.0,3.531520798491836,0.11803232910933066
control_shift_minus_1,2.0,18,0,0.0,2.1477900861715784,0.07097583449556111
control_shift_minus_1,2.0,20,0,0.0,1.5612792453912319,0.05128832037932257
control_shift_minus_1,2.0,22,0,0.0,1.3088336161446907,0.042848577840439446
control_shift_minus_1,2.0,24,0,0.0,1.1977701229816038,0.03912818882307687
control_shift_plus_1,2.0,4,0,0.0,2.6341978014078102,0.08744932614692187
control_shift_plus_1,2.0,6,0,0.0,2.9311655685440674,0.09749675836208535
control_shift_plus_1,2.0,8,0,0.0,4.037195541645236,0.13518942523789423
control_shift_plus_1,2.0,10,1000,1.0,6.559591181098368,0.2218902342020721
control_shift_plus_1,2.0,12,0,0.0,4.6316761824111135,0.15548536091139742
control_shift_plus_1,2.0,14,0,0.0,2.687697956116726,0.08922117574761591
control_shift_plus_1,2.0,16,0,0.0,1.7808905264159858,0.05862233521630346
control_shift_plus_1,2.0,18,0,0.0,1.3735795050284423,0.04497289935561853
control_shift_plus_1,2.0,20,0,0.0,1.190009404691692,0.03885080814824265
control_shift_plus_1,2.0,22,0,0.0,1.10610103732098,0.03603393685256028
control_shift_plus_1,2.0,24,0,0.0,1.0678952953196008,0.034787739819288344
control_linear,2.0,4,481,0.481,6.958981355142736,0.23522794625499238
control_linear,2.0,6,519,0.519,6.956267816130491,0.23544083406035735
control_linear,2.0,8,0,0.0,3.827274566312361,0.12779046305152147
control_linear,2.0,10,0,0.0,2.37232655657206,0.0783678490110035
control_linear,2.0,12,0,0.0,1.754780900844669,0.05762446557650835
control_linear,2.0,14,0,0.0,1.4940392548073569,0.048889339816416647
control_linear,2.0,16,0,0.0,1.3821335722556052,0.04516093175641954
control_linear,2.0,18,0,0.0,1.3345408471557352,0.04358029445057161
control_linear,2.0,20,0,0.0,1.313634767468778,0.04286960479457588
control_linear,2.0,22,0,0.0,1.3048918184097835,0.04257918285939566
control_linear,2.0,24,0,0.0,1.3011285449004133,0.04246908836823739
control_cubic,2.0,4,0,0.0,1.374875848473478,0.04501000540465443
control_cubic,2.0,6,0,0.0,1.327008198669508,0.04341442839290676
control_cubic,2.0,8,0,0.0,1.346166907785349,0.04406879837275402
control_cubic,2.0,10,0,0.0,1.4151941733999351,0.04636652038701144
control_cubic,2.0,12,0,0.0,1.559477132395049,0.05121254617617878
control_cubic,2.0,14,0,0.0,1.852148718408743,0.06103435738629182
control_cubic,2.0,16,0,0.0,2.469598166537701,0.08187834804186717
control_cubic,2.0,18,0,0.0,3.843937551110271,0.12856568641876365
control_cubic,2.0,20,1000,1.0,6.947157574929681,0.23507934084666018
control_cubic,2.0,22,0,0.0,5.025681377029346,0.16906349553797084
control_cubic,2.0,24,0,0.0,2.838754351260957,0.09430647303494091
null,4.0,4,96,0.096,2.727922162111821,0.09097004226666762
null,4.0,6,80,0.08,2.727826426081628,0.09092028909347737
null,4.0,8,94,0.094,2.727664168641057,0.09085949376955191
null,4.0,10,95,0.095,2.7270833033466846,0.09091334520374225
null,4.0,12,89,0.089,2.727132344129699,0.09091329927307444
null,4.0,14,78,0.078,2.72765833818166,0.09083297737218064
null,4.0,16,93,0.093,2.7275668757545923,0.09086078587661423
null,4.0,18,91,0.091,2.7269240272538435,0.09091970109666449
null,4.0,20,96,0.096,2.726907539602468,0.09092714534951359
null,4.0,22,81,0.081,2.7263951078463706,0.09091870335651547
null,4.0,24,107,0.107,2.726919707050185,0.09096421734199786
candidate_pair_residual,4.0,4,0,0.0,0.9736103317584763,0.031118933887887435
candidate_pair_residual,4.0,6,0,0.0,1.1734742403010785,0.03767157741836967
candidate_pair_residual,4.0,8,0,0.0,1.953889549869229,0.06352233492700825
candidate_pair_residual,4.0,10,0,0.0,4.53897255277324,0.15016333092974418
candidate_pair_residual,4.0,12,1000,1.0,14.05227657175474,0.48036479706573426
candidate_pair_residual,4.0,14,0,0.0,4.107242189981915,0.13569050694260557
candidate_pair_residual,4.0,16,0,0.0,1.4167927309813722,0.045676421970129596
candidate_pair_residual,4.0,18,0,0.0,0.6779297150461956,0.021451832970975058
candidate_pair_residual,4.0,20,0,0.0,0.44031173523633166,0.013750137886997953
candidate_pair_residual,4.0,22,0,0.0,0.3511427143514258,0.010883401010469747
candidate_pair_residual,4.0,24,0,0.0,0.3143576679459927,0.009706724990078849
control_shift_minus_1,4.0,4,0,0.0,0.7976855423668963,0.02546092145756254
control_shift_minus_1,4.0,6,0,0.0,0.8681964671152588,0.027783404421516632
control_shift_minus_1,4.0,8,0,0.0,1.2518115076801943,0.04042400091638155
control_shift_minus_1,4.0,10,0,0.0,2.4319289493019354,0.07967688514480117
control_shift_minus_1,4.0,12,0,0.0,6.627699733656734,0.22232808106915822
control_shift_minus_1,4.0,14,1000,1.0,11.875741289304644,0.4044939381196008
control_shift_minus_1,4.0,16,0,0.0,3.3747566916577627,0.11146766366250146
control_shift_minus_1,4.0,18,0,0.0,1.2500697951871935,0.04036760368670565
control_shift_minus_1,4.0,20,0,0.0,0.6627756446847013,0.021057841399213732
control_shift_minus_1,4.0,22,0,0.0,0.4672476037334173,0.014684215480505986
control_shift_minus_1,4.0,24,0,0.0,0.3920867753112663,0.012255444642052138
control_shift_plus_1,4.0,4,0,0.0,1.8584852587480367,0.06062676170983165
control_shift_plus_1,4.0,6,0,0.0,2.2999238271032376,0.07534047178728784
control_shift_plus_1,4.0,8,0,0.0,4.355087892465323,0.14463665785737265
control_shift_plus_1,4.0,10,1000,1.0,11.444013184478864,0.38961312776371426
control_shift_plus_1,4.0,12,0,0.0,5.725577603307067,0.19159753289781137
control_shift_plus_1,4.0,14,0,0.0,1.9342827812541412,0.06309790411967832
control_shift_plus_1,4.0,16,0,0.0,0.851237193014123,0.027216879822611527
control_shift_plus_1,4.0,18,0,0.0,0.5084242371634248,0.0160325167385401
control_shift_plus_1,4.0,20,0,0.0,0.38264760484481614,0.011955544201148666
control_shift_plus_1,4.0,22,0,0.0,0.3312774544662368,0.010299182264200712
control_shift_plus_1,4.0,24,0,0.0,0.3090429631547202,0.009583420837802958
control_linear,4.0,4,484,0.484,11.033050710320245,0.37320727616455396
control_linear,4.0,6,516,0.516,11.035101826212584,0.3735125499050231
control_linear,4.0,8,0,0.0,3.3593180221003993,0.10996722841674886
control_linear,4.0,10,0,0.0,1.2954293601264395,0.041461552235837154
control_linear,4.0,12,0,0.0,0.7116512965140762,0.022392664756800056
control_linear,4.0,14,0,0.0,0.5172602009643249,0.01612807277554016
control_linear,4.0,16,0,0.0,0.44358691956892954,0.013755764762411474
control_linear,4.0,18,0,0.0,0.41374410556787866,0.012792698454903174
control_linear,4.0,20,0,0.0,0.4011804081641562,0.012395101603697002
control_linear,4.0,22,0,0.0,0.39593454305378195,0.012228190048259018
control_linear,4.0,24,0,0.0,0.39374260740719036,0.012158900876226985
control_cubic,4.0,4,0,0.0,0.4952012071775095,0.015535797454752752
control_cubic,4.0,6,0,0.0,0.4615523747040034,0.01444929411975167
control_cubic,4.0,8,0,0.0,0.4749648623895688,0.014884550610790638
control_cubic,4.0,10,0,0.0,0.5243804551681399,0.01648713307332663
control_cubic,4.0,12,0,0.0,0.6356955061191581,0.020097517119831904
control_cubic,4.0,14,0,0.0,0.8946198831433873,0.028538942222439693
control_cubic,4.0,16,0,0.0,1.5866905133792266,0.05128975284591577
control_cubic,4.0,18,0,0.0,3.83573848132765,0.1268024700622144
control_cubic,4.0,20,1000,1.0,12.451931192138753,0.42471561608340047
control_cubic,4.0,22,0,0.0,6.545369897705066,0.21906819924580173
control_cubic,4.0,24,0,0.0,2.0938556267475366,0.068130727161774
