k,r,gcd_k_r,orbit_length,primitive_recurrence,transitive_full_cycle,modular_inverse_s,r_times_s_mod_k,U_power_recovers_X
2,1,1,2,True,True,1.0,1.0,True
3,1,1,3,True,True,1.0,1.0,True
3,2,1,3,True,True,2.0,1.0,True
4,1,1,4,True,True,1.0,1.0,True
4,2,2,2,False,False,,,False
4,3,1,4,True,True,3.0,1.0,True
5,1,1,5,True,True,1.0,1.0,True
5,2,1,5,True,True,3.0,1.0,True
5,3,1,5,True,True,2.0,1.0,True
5,4,1,5,True,True,4.0,1.0,True
6,1,1,6,True,True,1.0,1.0,True
6,2,2,3,False,False,,,False
6,3,3,2,False,False,,,False
6,4,2,3,False,False,,,False
6,5,1,6,True,True,5.0,1.0,True
7,1,1,7,True,True,1.0,1.0,True
7,2,1,7,True,True,4.0,1.0,True
7,3,1,7,True,True,5.0,1.0,True
7,4,1,7,True,True,2.0,1.0,True
7,5,1,7,True,True,3.0,1.0,True
7,6,1,7,True,True,6.0,1.0,True
8,1,1,8,True,True,1.0,1.0,True
8,2,2,4,False,False,,,False
8,3,1,8,True,True,3.0,1.0,True
8,4,4,2,False,False,,,False
8,5,1,8,True,True,5.0,1.0,True
8,6,2,4,False,False,,,False
8,7,1,8,True,True,7.0,1.0,True
9,1,1,9,True,True,1.0,1.0,True
9,2,1,9,True,True,5.0,1.0,True
9,3,3,3,False,False,,,False
9,4,1,9,True,True,7.0,1.0,True
9,5,1,9,True,True,2.0,1.0,True
9,6,3,3,False,False,,,False
9,7,1,9,True,True,4.0,1.0,True
9,8,1,9,True,True,8.0,1.0,True
10,1,1,10,True,True,1.0,1.0,True
10,2,2,5,False,False,,,False
10,3,1,10,True,True,7.0,1.0,True
10,4,2,5,False,False,,,False
10,5,5,2,False,False,,,False
10,6,2,5,False,False,,,False
10,7,1,10,True,True,3.0,1.0,True
10,8,2,5,False,False,,,False
10,9,1,10,True,True,9.0,1.0,True
11,1,1,11,True,True,1.0,1.0,True
11,2,1,11,True,True,6.0,1.0,True
11,3,1,11,True,True,4.0,1.0,True
11,4,1,11,True,True,3.0,1.0,True
11,5,1,11,True,True,9.0,1.0,True
11,6,1,11,True,True,2.0,1.0,True
11,7,1,11,True,True,8.0,1.0,True
11,8,1,11,True,True,7.0,1.0,True
11,9,1,11,True,True,5.0,1.0,True
11,10,1,11,True,True,10.0,1.0,True
12,1,1,12,True,True,1.0,1.0,True
12,2,2,6,False,False,,,False
12,3,3,4,False,False,,,False
12,4,4,3,False,False,,,False
12,5,1,12,True,True,5.0,1.0,True
12,6,6,2,False,False,,,False
12,7,1,12,True,True,7.0,1.0,True
12,8,4,3,False,False,,,False
12,9,3,4,False,False,,,False
12,10,2,6,False,False,,,False
12,11,1,12,True,True,11.0,1.0,True
13,1,1,13,True,True,1.0,1.0,True
13,2,1,13,True,True,7.0,1.0,True
13,3,1,13,True,True,9.0,1.0,True
13,4,1,13,True,True,10.0,1.0,True
13,5,1,13,True,True,8.0,1.0,True
13,6,1,13,True,True,11.0,1.0,True
13,7,1,13,True,True,2.0,1.0,True
13,8,1,13,True,True,5.0,1.0,True
13,9,1,13,True,True,3.0,1.0,True
13,10,1,13,True,True,4.0,1.0,True
13,11,1,13,True,True,6.0,1.0,True
13,12,1,13,True,True,12.0,1.0,True
14,1,1,14,True,True,1.0,1.0,True
14,2,2,7,False,False,,,False
14,3,1,14,True,True,5.0,1.0,True
14,4,2,7,False,False,,,False
14,5,1,14,True,True,3.0,1.0,True
14,6,2,7,False,False,,,False
14,7,7,2,False,False,,,False
14,8,2,7,False,False,,,False
14,9,1,14,True,True,11.0,1.0,True
14,10,2,7,False,False,,,False
14,11,1,14,True,True,9.0,1.0,True
14,12,2,7,False,False,,,False
14,13,1,14,True,True,13.0,1.0,True
15,1,1,15,True,True,1.0,1.0,True
15,2,1,15,True,True,8.0,1.0,True
15,3,3,5,False,False,,,False
15,4,1,15,True,True,4.0,1.0,True
15,5,5,3,False,False,,,False
15,6,3,5,False,False,,,False
15,7,1,15,True,True,13.0,1.0,True
15,8,1,15,True,True,2.0,1.0,True
15,9,3,5,False,False,,,False
15,10,5,3,False,False,,,False
15,11,1,15,True,True,11.0,1.0,True
15,12,3,5,False,False,,,False
15,13,1,15,True,True,7.0,1.0,True
15,14,1,15,True,True,14.0,1.0,True
16,1,1,16,True,True,1.0,1.0,True
16,2,2,8,False,False,,,False
16,3,1,16,True,True,11.0,1.0,True
16,4,4,4,False,False,,,False
16,5,1,16,True,True,13.0,1.0,True
16,6,2,8,False,False,,,False
16,7,1,16,True,True,7.0,1.0,True
16,8,8,2,False,False,,,False
16,9,1,16,True,True,9.0,1.0,True
16,10,2,8,False,False,,,False
16,11,1,16,True,True,3.0,1.0,True
16,12,4,4,False,False,,,False
16,13,1,16,True,True,5.0,1.0,True
16,14,2,8,False,False,,,False
16,15,1,16,True,True,15.0,1.0,True
17,1,1,17,True,True,1.0,1.0,True
17,2,1,17,True,True,9.0,1.0,True
17,3,1,17,True,True,6.0,1.0,True
17,4,1,17,True,True,13.0,1.0,True
17,5,1,17,True,True,7.0,1.0,True
17,6,1,17,True,True,3.0,1.0,True
17,7,1,17,True,True,5.0,1.0,True
17,8,1,17,True,True,15.0,1.0,True
17,9,1,17,True,True,2.0,1.0,True
17,10,1,17,True,True,12.0,1.0,True
17,11,1,17,True,True,14.0,1.0,True
17,12,1,17,True,True,10.0,1.0,True
17,13,1,17,True,True,4.0,1.0,True
17,14,1,17,True,True,11.0,1.0,True
17,15,1,17,True,True,8.0,1.0,True
17,16,1,17,True,True,16.0,1.0,True
18,1,1,18,True,True,1.0,1.0,True
18,2,2,9,False,False,,,False
18,3,3,6,False,False,,,False
18,4,2,9,False,False,,,False
18,5,1,18,True,True,11.0,1.0,True
18,6,6,3,False,False,,,False
18,7,1,18,True,True,13.0,1.0,True
18,8,2,9,False,False,,,False
18,9,9,2,False,False,,,False
18,10,2,9,False,False,,,False
18,11,1,18,True,True,5.0,1.0,True
18,12,6,3,False,False,,,False
18,13,1,18,True,True,7.0,1.0,True
18,14,2,9,False,False,,,False
18,15,3,6,False,False,,,False
18,16,2,9,False,False,,,False
18,17,1,18,True,True,17.0,1.0,True
19,1,1,19,True,True,1.0,1.0,True
19,2,1,19,True,True,10.0,1.0,True
19,3,1,19,True,True,13.0,1.0,True
19,4,1,19,True,True,5.0,1.0,True
19,5,1,19,True,True,4.0,1.0,True
19,6,1,19,True,True,16.0,1.0,True
19,7,1,19,True,True,11.0,1.0,True
19,8,1,19,True,True,12.0,1.0,True
19,9,1,19,True,True,17.0,1.0,True
19,10,1,19,True,True,2.0,1.0,True
19,11,1,19,True,True,7.0,1.0,True
19,12,1,19,True,True,8.0,1.0,True
19,13,1,19,True,True,3.0,1.0,True
19,14,1,19,True,True,15.0,1.0,True
19,15,1,19,True,True,14.0,1.0,True
19,16,1,19,True,True,6.0,1.0,True
19,17,1,19,True,True,9.0,1.0,True
19,18,1,19,True,True,18.0,1.0,True
20,1,1,20,True,True,1.0,1.0,True
20,2,2,10,False,False,,,False
20,3,1,20,True,True,7.0,1.0,True
20,4,4,5,False,False,,,False
20,5,5,4,False,False,,,False
20,6,2,10,False,False,,,False
20,7,1,20,True,True,3.0,1.0,True
20,8,4,5,False,False,,,False
20,9,1,20,True,True,9.0,1.0,True
20,10,10,2,False,False,,,False
20,11,1,20,True,True,11.0,1.0,True
20,12,4,5,False,False,,,False
20,13,1,20,True,True,17.0,1.0,True
20,14,2,10,False,False,,,False
20,15,5,4,False,False,,,False
20,16,4,5,False,False,,,False
20,17,1,20,True,True,13.0,1.0,True
20,18,2,10,False,False,,,False
20,19,1,20,True,True,19.0,1.0,True
21,1,1,21,True,True,1.0,1.0,True
21,2,1,21,True,True,11.0,1.0,True
21,3,3,7,False,False,,,False
21,4,1,21,True,True,16.0,1.0,True
21,5,1,21,True,True,17.0,1.0,True
21,6,3,7,False,False,,,False
21,7,7,3,False,False,,,False
21,8,1,21,True,True,8.0,1.0,True
21,9,3,7,False,False,,,False
21,10,1,21,True,True,19.0,1.0,True
21,11,1,21,True,True,2.0,1.0,True
21,12,3,7,False,False,,,False
21,13,1,21,True,True,13.0,1.0,True
21,14,7,3,False,False,,,False
21,15,3,7,False,False,,,False
21,16,1,21,True,True,4.0,1.0,True
21,17,1,21,True,True,5.0,1.0,True
21,18,3,7,False,False,,,False
21,19,1,21,True,True,10.0,1.0,True
21,20,1,21,True,True,20.0,1.0,True
22,1,1,22,True,True,1.0,1.0,True
22,2,2,11,False,False,,,False
22,3,1,22,True,True,15.0,1.0,True
22,4,2,11,False,False,,,False
22,5,1,22,True,True,9.0,1.0,True
22,6,2,11,False,False,,,False
22,7,1,22,True,True,19.0,1.0,True
22,8,2,11,False,False,,,False
22,9,1,22,True,True,5.0,1.0,True
22,10,2,11,False,False,,,False
22,11,11,2,False,False,,,False
22,12,2,11,False,False,,,False
22,13,1,22,True,True,17.0,1.0,True
22,14,2,11,False,False,,,False
22,15,1,22,True,True,3.0,1.0,True
22,16,2,11,False,False,,,False
22,17,1,22,True,True,13.0,1.0,True
22,18,2,11,False,False,,,False
22,19,1,22,True,True,7.0,1.0,True
22,20,2,11,False,False,,,False
22,21,1,22,True,True,21.0,1.0,True
23,1,1,23,True,True,1.0,1.0,True
23,2,1,23,True,True,12.0,1.0,True
23,3,1,23,True,True,8.0,1.0,True
23,4,1,23,True,True,6.0,1.0,True
23,5,1,23,True,True,14.0,1.0,True
23,6,1,23,True,True,4.0,1.0,True
23,7,1,23,True,True,10.0,1.0,True
23,8,1,23,True,True,3.0,1.0,True
23,9,1,23,True,True,18.0,1.0,True
23,10,1,23,True,True,7.0,1.0,True
23,11,1,23,True,True,21.0,1.0,True
23,12,1,23,True,True,2.0,1.0,True
23,13,1,23,True,True,16.0,1.0,True
23,14,1,23,True,True,5.0,1.0,True
23,15,1,23,True,True,20.0,1.0,True
23,16,1,23,True,True,13.0,1.0,True
23,17,1,23,True,True,19.0,1.0,True
23,18,1,23,True,True,9.0,1.0,True
23,19,1,23,True,True,17.0,1.0,True
23,20,1,23,True,True,15.0,1.0,True
23,21,1,23,True,True,11.0,1.0,True
23,22,1,23,True,True,22.0,1.0,True
24,1,1,24,True,True,1.0,1.0,True
24,2,2,12,False,False,,,False
24,3,3,8,False,False,,,False
24,4,4,6,False,False,,,False
24,5,1,24,True,True,5.0,1.0,True
24,6,6,4,False,False,,,False
24,7,1,24,True,True,7.0,1.0,True
24,8,8,3,False,False,,,False
24,9,3,8,False,False,,,False
24,10,2,12,False,False,,,False
24,11,1,24,True,True,11.0,1.0,True
24,12,12,2,False,False,,,False
24,13,1,24,True,True,13.0,1.0,True
24,14,2,12,False,False,,,False
24,15,3,8,False,False,,,False
24,16,8,3,False,False,,,False
24,17,1,24,True,True,17.0,1.0,True
24,18,6,4,False,False,,,False
24,19,1,24,True,True,19.0,1.0,True
24,20,4,6,False,False,,,False
24,21,3,8,False,False,,,False
24,22,2,12,False,False,,,False
24,23,1,24,True,True,23.0,1.0,True
25,1,1,25,True,True,1.0,1.0,True
25,2,1,25,True,True,13.0,1.0,True
25,3,1,25,True,True,17.0,1.0,True
25,4,1,25,True,True,19.0,1.0,True
25,5,5,5,False,False,,,False
25,6,1,25,True,True,21.0,1.0,True
25,7,1,25,True,True,18.0,1.0,True
25,8,1,25,True,True,22.0,1.0,True
25,9,1,25,True,True,14.0,1.0,True
25,10,5,5,False,False,,,False
25,11,1,25,True,True,16.0,1.0,True
25,12,1,25,True,True,23.0,1.0,True
25,13,1,25,True,True,2.0,1.0,True
25,14,1,25,True,True,9.0,1.0,True
25,15,5,5,False,False,,,False
25,16,1,25,True,True,11.0,1.0,True
25,17,1,25,True,True,3.0,1.0,True
25,18,1,25,True,True,7.0,1.0,True
25,19,1,25,True,True,4.0,1.0,True
25,20,5,5,False,False,,,False
25,21,1,25,True,True,6.0,1.0,True
25,22,1,25,True,True,8.0,1.0,True
25,23,1,25,True,True,12.0,1.0,True
25,24,1,25,True,True,24.0,1.0,True
26,1,1,26,True,True,1.0,1.0,True
26,2,2,13,False,False,,,False
26,3,1,26,True,True,9.0,1.0,True
26,4,2,13,False,False,,,False
26,5,1,26,True,True,21.0,1.0,True
26,6,2,13,False,False,,,False
26,7,1,26,True,True,15.0,1.0,True
26,8,2,13,False,False,,,False
26,9,1,26,True,True,3.0,1.0,True
26,10,2,13,False,False,,,False
26,11,1,26,True,True,19.0,1.0,True
26,12,2,13,False,False,,,False
26,13,13,2,False,False,,,False
26,14,2,13,False,False,,,False
26,15,1,26,True,True,7.0,1.0,True
26,16,2,13,False,False,,,False
26,17,1,26,True,True,23.0,1.0,True
26,18,2,13,False,False,,,False
26,19,1,26,True,True,11.0,1.0,True
26,20,2,13,False,False,,,False
26,21,1,26,True,True,5.0,1.0,True
26,22,2,13,False,False,,,False
26,23,1,26,True,True,17.0,1.0,True
26,24,2,13,False,False,,,False
26,25,1,26,True,True,25.0,1.0,True
27,1,1,27,True,True,1.0,1.0,True
27,2,1,27,True,True,14.0,1.0,True
27,3,3,9,False,False,,,False
27,4,1,27,True,True,7.0,1.0,True
27,5,1,27,True,True,11.0,1.0,True
27,6,3,9,False,False,,,False
27,7,1,27,True,True,4.0,1.0,True
27,8,1,27,True,True,17.0,1.0,True
27,9,9,3,False,False,,,False
27,10,1,27,True,True,19.0,1.0,True
27,11,1,27,True,True,5.0,1.0,True
27,12,3,9,False,False,,,False
27,13,1,27,True,True,25.0,1.0,True
27,14,1,27,True,True,2.0,1.0,True
27,15,3,9,False,False,,,False
27,16,1,27,True,True,22.0,1.0,True
27,17,1,27,True,True,8.0,1.0,True
27,18,9,3,False,False,,,False
27,19,1,27,True,True,10.0,1.0,True
27,20,1,27,True,True,23.0,1.0,True
27,21,3,9,False,False,,,False
27,22,1,27,True,True,16.0,1.0,True
27,23,1,27,True,True,20.0,1.0,True
27,24,3,9,False,False,,,False
27,25,1,27,True,True,13.0,1.0,True
27,26,1,27,True,True,26.0,1.0,True
28,1,1,28,True,True,1.0,1.0,True
28,2,2,14,False,False,,,False
28,3,1,28,True,True,19.0,1.0,True
28,4,4,7,False,False,,,False
28,5,1,28,True,True,17.0,1.0,True
28,6,2,14,False,False,,,False
28,7,7,4,False,False,,,False
28,8,4,7,False,False,,,False
28,9,1,28,True,True,25.0,1.0,True
28,10,2,14,False,False,,,False
28,11,1,28,True,True,23.0,1.0,True
28,12,4,7,False,False,,,False
28,13,1,28,True,True,13.0,1.0,True
28,14,14,2,False,False,,,False
28,15,1,28,True,True,15.0,1.0,True
28,16,4,7,False,False,,,False
28,17,1,28,True,True,5.0,1.0,True
28,18,2,14,False,False,,,False
28,19,1,28,True,True,3.0,1.0,True
28,20,4,7,False,False,,,False
28,21,7,4,False,False,,,False
28,22,2,14,False,False,,,False
28,23,1,28,True,True,11.0,1.0,True
28,24,4,7,False,False,,,False
28,25,1,28,True,True,9.0,1.0,True
28,26,2,14,False,False,,,False
28,27,1,28,True,True,27.0,1.0,True
29,1,1,29,True,True,1.0,1.0,True
29,2,1,29,True,True,15.0,1.0,True
29,3,1,29,True,True,10.0,1.0,True
29,4,1,29,True,True,22.0,1.0,True
29,5,1,29,True,True,6.0,1.0,True
29,6,1,29,True,True,5.0,1.0,True
29,7,1,29,True,True,25.0,1.0,True
29,8,1,29,True,True,11.0,1.0,True
29,9,1,29,True,True,13.0,1.0,True
29,10,1,29,True,True,3.0,1.0,True
29,11,1,29,True,True,8.0,1.0,True
29,12,1,29,True,True,17.0,1.0,True
29,13,1,29,True,True,9.0,1.0,True
29,14,1,29,True,True,27.0,1.0,True
29,15,1,29,True,True,2.0,1.0,True
29,16,1,29,True,True,20.0,1.0,True
29,17,1,29,True,True,12.0,1.0,True
29,18,1,29,True,True,21.0,1.0,True
29,19,1,29,True,True,26.0,1.0,True
29,20,1,29,True,True,16.0,1.0,True
29,21,1,29,True,True,18.0,1.0,True
29,22,1,29,True,True,4.0,1.0,True
29,23,1,29,True,True,24.0,1.0,True
29,24,1,29,True,True,23.0,1.0,True
29,25,1,29,True,True,7.0,1.0,True
29,26,1,29,True,True,19.0,1.0,True
29,27,1,29,True,True,14.0,1.0,True
29,28,1,29,True,True,28.0,1.0,True
30,1,1,30,True,True,1.0,1.0,True
30,2,2,15,False,False,,,False
30,3,3,10,False,False,,,False
30,4,2,15,False,False,,,False
30,5,5,6,False,False,,,False
30,6,6,5,False,False,,,False
30,7,1,30,True,True,13.0,1.0,True
30,8,2,15,False,False,,,False
30,9,3,10,False,False,,,False
30,10,10,3,False,False,,,False
30,11,1,30,True,True,11.0,1.0,True
30,12,6,5,False,False,,,False
30,13,1,30,True,True,7.0,1.0,True
30,14,2,15,False,False,,,False
30,15,15,2,False,False,,,False
30,16,2,15,False,False,,,False
30,17,1,30,True,True,23.0,1.0,True
30,18,6,5,False,False,,,False
30,19,1,30,True,True,19.0,1.0,True
30,20,10,3,False,False,,,False
30,21,3,10,False,False,,,False
30,22,2,15,False,False,,,False
30,23,1,30,True,True,17.0,1.0,True
30,24,6,5,False,False,,,False
30,25,5,6,False,False,,,False
30,26,2,15,False,False,,,False
30,27,3,10,False,False,,,False
30,28,2,15,False,False,,,False
30,29,1,30,True,True,29.0,1.0,True
31,1,1,31,True,True,1.0,1.0,True
31,2,1,31,True,True,16.0,1.0,True
31,3,1,31,True,True,21.0,1.0,True
31,4,1,31,True,True,8.0,1.0,True
31,5,1,31,True,True,25.0,1.0,True
31,6,1,31,True,True,26.0,1.0,True
31,7,1,31,True,True,9.0,1.0,True
31,8,1,31,True,True,4.0,1.0,True
31,9,1,31,True,True,7.0,1.0,True
31,10,1,31,True,True,28.0,1.0,True
31,11,1,31,True,True,17.0,1.0,True
31,12,1,31,True,True,13.0,1.0,True
31,13,1,31,True,True,12.0,1.0,True
31,14,1,31,True,True,20.0,1.0,True
31,15,1,31,True,True,29.0,1.0,True
31,16,1,31,True,True,2.0,1.0,True
31,17,1,31,True,True,11.0,1.0,True
31,18,1,31,True,True,19.0,1.0,True
31,19,1,31,True,True,18.0,1.0,True
31,20,1,31,True,True,14.0,1.0,True
31,21,1,31,True,True,3.0,1.0,True
31,22,1,31,True,True,24.0,1.0,True
31,23,1,31,True,True,27.0,1.0,True
31,24,1,31,True,True,22.0,1.0,True
31,25,1,31,True,True,5.0,1.0,True
31,26,1,31,True,True,6.0,1.0,True
31,27,1,31,True,True,23.0,1.0,True
31,28,1,31,True,True,10.0,1.0,True
31,29,1,31,True,True,15.0,1.0,True
31,30,1,31,True,True,30.0,1.0,True
32,1,1,32,True,True,1.0,1.0,True
32,2,2,16,False,False,,,False
32,3,1,32,True,True,11.0,1.0,True
32,4,4,8,False,False,,,False
32,5,1,32,True,True,13.0,1.0,True
32,6,2,16,False,False,,,False
32,7,1,32,True,True,23.0,1.0,True
32,8,8,4,False,False,,,False
32,9,1,32,True,True,25.0,1.0,True
32,10,2,16,False,False,,,False
32,11,1,32,True,True,3.0,1.0,True
32,12,4,8,False,False,,,False
32,13,1,32,True,True,5.0,1.0,True
32,14,2,16,False,False,,,False
32,15,1,32,True,True,15.0,1.0,True
32,16,16,2,False,False,,,False
32,17,1,32,True,True,17.0,1.0,True
32,18,2,16,False,False,,,False
32,19,1,32,True,True,27.0,1.0,True
32,20,4,8,False,False,,,False
32,21,1,32,True,True,29.0,1.0,True
32,22,2,16,False,False,,,False
32,23,1,32,True,True,7.0,1.0,True
32,24,8,4,False,False,,,False
32,25,1,32,True,True,9.0,1.0,True
32,26,2,16,False,False,,,False
32,27,1,32,True,True,19.0,1.0,True
32,28,4,8,False,False,,,False
32,29,1,32,True,True,21.0,1.0,True
32,30,2,16,False,False,,,False
32,31,1,32,True,True,31.0,1.0,True
33,1,1,33,True,True,1.0,1.0,True
33,2,1,33,True,True,17.0,1.0,True
33,3,3,11,False,False,,,False
33,4,1,33,True,True,25.0,1.0,True
33,5,1,33,True,True,20.0,1.0,True
33,6,3,11,False,False,,,False
33,7,1,33,True,True,19.0,1.0,True
33,8,1,33,True,True,29.0,1.0,True
33,9,3,11,False,False,,,False
33,10,1,33,True,True,10.0,1.0,True
33,11,11,3,False,False,,,False
33,12,3,11,False,False,,,False
33,13,1,33,True,True,28.0,1.0,True
33,14,1,33,True,True,26.0,1.0,True
33,15,3,11,False,False,,,False
33,16,1,33,True,True,31.0,1.0,True
33,17,1,33,True,True,2.0,1.0,True
33,18,3,11,False,False,,,False
33,19,1,33,True,True,7.0,1.0,True
33,20,1,33,True,True,5.0,1.0,True
33,21,3,11,False,False,,,False
33,22,11,3,False,False,,,False
33,23,1,33,True,True,23.0,1.0,True
33,24,3,11,False,False,,,False
33,25,1,33,True,True,4.0,1.0,True
33,26,1,33,True,True,14.0,1.0,True
33,27,3,11,False,False,,,False
33,28,1,33,True,True,13.0,1.0,True
33,29,1,33,True,True,8.0,1.0,True
33,30,3,11,False,False,,,False
33,31,1,33,True,True,16.0,1.0,True
33,32,1,33,True,True,32.0,1.0,True
34,1,1,34,True,True,1.0,1.0,True
34,2,2,17,False,False,,,False
34,3,1,34,True,True,23.0,1.0,True
34,4,2,17,False,False,,,False
34,5,1,34,True,True,7.0,1.0,True
34,6,2,17,False,False,,,False
34,7,1,34,True,True,5.0,1.0,True
34,8,2,17,False,False,,,False
34,9,1,34,True,True,19.0,1.0,True
34,10,2,17,False,False,,,False
34,11,1,34,True,True,31.0,1.0,True
34,12,2,17,False,False,,,False
34,13,1,34,True,True,21.0,1.0,True
34,14,2,17,False,False,,,False
34,15,1,34,True,True,25.0,1.0,True
34,16,2,17,False,False,,,False
34,17,17,2,False,False,,,False
34,18,2,17,False,False,,,False
34,19,1,34,True,True,9.0,1.0,True
34,20,2,17,False,False,,,False
34,21,1,34,True,True,13.0,1.0,True
34,22,2,17,False,False,,,False
34,23,1,34,True,True,3.0,1.0,True
34,24,2,17,False,False,,,False
34,25,1,34,True,True,15.0,1.0,True
34,26,2,17,False,False,,,False
34,27,1,34,True,True,29.0,1.0,True
34,28,2,17,False,False,,,False
34,29,1,34,True,True,27.0,1.0,True
34,30,2,17,False,False,,,False
34,31,1,34,True,True,11.0,1.0,True
34,32,2,17,False,False,,,False
34,33,1,34,True,True,33.0,1.0,True
35,1,1,35,True,True,1.0,1.0,True
35,2,1,35,True,True,18.0,1.0,True
35,3,1,35,True,True,12.0,1.0,True
35,4,1,35,True,True,9.0,1.0,True
35,5,5,7,False,False,,,False
35,6,1,35,True,True,6.0,1.0,True
35,7,7,5,False,False,,,False
35,8,1,35,True,True,22.0,1.0,True
35,9,1,35,True,True,4.0,1.0,True
35,10,5,7,False,False,,,False
35,11,1,35,True,True,16.0,1.0,True
35,12,1,35,True,True,3.0,1.0,True
35,13,1,35,True,True,27.0,1.0,True
35,14,7,5,False,False,,,False
35,15,5,7,False,False,,,False
35,16,1,35,True,True,11.0,1.0,True
35,17,1,35,True,True,33.0,1.0,True
35,18,1,35,True,True,2.0,1.0,True
35,19,1,35,True,True,24.0,1.0,True
35,20,5,7,False,False,,,False
35,21,7,5,False,False,,,False
35,22,1,35,True,True,8.0,1.0,True
35,23,1,35,True,True,32.0,1.0,True
35,24,1,35,True,True,19.0,1.0,True
35,25,5,7,False,False,,,False
35,26,1,35,True,True,31.0,1.0,True
35,27,1,35,True,True,13.0,1.0,True
35,28,7,5,False,False,,,False
35,29,1,35,True,True,29.0,1.0,True
35,30,5,7,False,False,,,False
35,31,1,35,True,True,26.0,1.0,True
35,32,1,35,True,True,23.0,1.0,True
35,33,1,35,True,True,17.0,1.0,True
35,34,1,35,True,True,34.0,1.0,True
36,1,1,36,True,True,1.0,1.0,True
36,2,2,18,False,False,,,False
36,3,3,12,False,False,,,False
36,4,4,9,False,False,,,False
36,5,1,36,True,True,29.0,1.0,True
36,6,6,6,False,False,,,False
36,7,1,36,True,True,31.0,1.0,True
36,8,4,9,False,False,,,False
36,9,9,4,False,False,,,False
36,10,2,18,False,False,,,False
36,11,1,36,True,True,23.0,1.0,True
36,12,12,3,False,False,,,False
36,13,1,36,True,True,25.0,1.0,True
36,14,2,18,False,False,,,False
36,15,3,12,False,False,,,False
36,16,4,9,False,False,,,False
36,17,1,36,True,True,17.0,1.0,True
36,18,18,2,False,False,,,False
36,19,1,36,True,True,19.0,1.0,True
36,20,4,9,False,False,,,False
36,21,3,12,False,False,,,False
36,22,2,18,False,False,,,False
36,23,1,36,True,True,11.0,1.0,True
36,24,12,3,False,False,,,False
36,25,1,36,True,True,13.0,1.0,True
36,26,2,18,False,False,,,False
36,27,9,4,False,False,,,False
36,28,4,9,False,False,,,False
36,29,1,36,True,True,5.0,1.0,True
36,30,6,6,False,False,,,False
36,31,1,36,True,True,7.0,1.0,True
36,32,4,9,False,False,,,False
36,33,3,12,False,False,,,False
36,34,2,18,False,False,,,False
36,35,1,36,True,True,35.0,1.0,True
37,1,1,37,True,True,1.0,1.0,True
37,2,1,37,True,True,19.0,1.0,True
37,3,1,37,True,True,25.0,1.0,True
37,4,1,37,True,True,28.0,1.0,True
37,5,1,37,True,True,15.0,1.0,True
37,6,1,37,True,True,31.0,1.0,True
37,7,1,37,True,True,16.0,1.0,True
37,8,1,37,True,True,14.0,1.0,True
37,9,1,37,True,True,33.0,1.0,True
37,10,1,37,True,True,26.0,1.0,True
37,11,1,37,True,True,27.0,1.0,True
37,12,1,37,True,True,34.0,1.0,True
37,13,1,37,True,True,20.0,1.0,True
37,14,1,37,True,True,8.0,1.0,True
37,15,1,37,True,True,5.0,1.0,True
37,16,1,37,True,True,7.0,1.0,True
37,17,1,37,True,True,24.0,1.0,True
37,18,1,37,True,True,35.0,1.0,True
37,19,1,37,True,True,2.0,1.0,True
37,20,1,37,True,True,13.0,1.0,True
37,21,1,37,True,True,30.0,1.0,True
37,22,1,37,True,True,32.0,1.0,True
37,23,1,37,True,True,29.0,1.0,True
37,24,1,37,True,True,17.0,1.0,True
37,25,1,37,True,True,3.0,1.0,True
37,26,1,37,True,True,10.0,1.0,True
37,27,1,37,True,True,11.0,1.0,True
37,28,1,37,True,True,4.0,1.0,True
37,29,1,37,True,True,23.0,1.0,True
37,30,1,37,True,True,21.0,1.0,True
37,31,1,37,True,True,6.0,1.0,True
37,32,1,37,True,True,22.0,1.0,True
37,33,1,37,True,True,9.0,1.0,True
37,34,1,37,True,True,12.0,1.0,True
37,35,1,37,True,True,18.0,1.0,True
37,36,1,37,True,True,36.0,1.0,True
38,1,1,38,True,True,1.0,1.0,True
38,2,2,19,False,False,,,False
38,3,1,38,True,True,13.0,1.0,True
38,4,2,19,False,False,,,False
38,5,1,38,True,True,23.0,1.0,True
38,6,2,19,False,False,,,False
38,7,1,38,True,True,11.0,1.0,True
38,8,2,19,False,False,,,False
38,9,1,38,True,True,17.0,1.0,True
38,10,2,19,False,False,,,False
38,11,1,38,True,True,7.0,1.0,True
38,12,2,19,False,False,,,False
38,13,1,38,True,True,3.0,1.0,True
38,14,2,19,False,False,,,False
38,15,1,38,True,True,33.0,1.0,True
38,16,2,19,False,False,,,False
38,17,1,38,True,True,9.0,1.0,True
38,18,2,19,False,False,,,False
38,19,19,2,False,False,,,False
38,20,2,19,False,False,,,False
38,21,1,38,True,True,29.0,1.0,True
38,22,2,19,False,False,,,False
38,23,1,38,True,True,5.0,1.0,True
38,24,2,19,False,False,,,False
38,25,1,38,True,True,35.0,1.0,True
38,26,2,19,False,False,,,False
38,27,1,38,True,True,31.0,1.0,True
38,28,2,19,False,False,,,False
38,29,1,38,True,True,21.0,1.0,True
38,30,2,19,False,False,,,False
38,31,1,38,True,True,27.0,1.0,True
38,32,2,19,False,False,,,False
38,33,1,38,True,True,15.0,1.0,True
38,34,2,19,False,False,,,False
38,35,1,38,True,True,25.0,1.0,True
38,36,2,19,False,False,,,False
38,37,1,38,True,True,37.0,1.0,True
39,1,1,39,True,True,1.0,1.0,True
39,2,1,39,True,True,20.0,1.0,True
39,3,3,13,False,False,,,False
39,4,1,39,True,True,10.0,1.0,True
39,5,1,39,True,True,8.0,1.0,True
39,6,3,13,False,False,,,False
39,7,1,39,True,True,28.0,1.0,True
39,8,1,39,True,True,5.0,1.0,True
39,9,3,13,False,False,,,False
39,10,1,39,True,True,4.0,1.0,True
39,11,1,39,True,True,32.0,1.0,True
39,12,3,13,False,False,,,False
39,13,13,3,False,False,,,False
39,14,1,39,True,True,14.0,1.0,True
39,15,3,13,False,False,,,False
39,16,1,39,True,True,22.0,1.0,True
39,17,1,39,True,True,23.0,1.0,True
39,18,3,13,False,False,,,False
39,19,1,39,True,True,37.0,1.0,True
39,20,1,39,True,True,2.0,1.0,True
39,21,3,13,False,False,,,False
39,22,1,39,True,True,16.0,1.0,True
39,23,1,39,True,True,17.0,1.0,True
39,24,3,13,False,False,,,False
39,25,1,39,True,True,25.0,1.0,True
39,26,13,3,False,False,,,False
39,27,3,13,False,False,,,False
39,28,1,39,True,True,7.0,1.0,True
39,29,1,39,True,True,35.0,1.0,True
39,30,3,13,False,False,,,False
39,31,1,39,True,True,34.0,1.0,True
39,32,1,39,True,True,11.0,1.0,True
39,33,3,13,False,False,,,False
39,34,1,39,True,True,31.0,1.0,True
39,35,1,39,True,True,29.0,1.0,True
39,36,3,13,False,False,,,False
39,37,1,39,True,True,19.0,1.0,True
39,38,1,39,True,True,38.0,1.0,True
40,1,1,40,True,True,1.0,1.0,True
40,2,2,20,False,False,,,False
40,3,1,40,True,True,27.0,1.0,True
40,4,4,10,False,False,,,False
40,5,5,8,False,False,,,False
40,6,2,20,False,False,,,False
40,7,1,40,True,True,23.0,1.0,True
40,8,8,5,False,False,,,False
40,9,1,40,True,True,9.0,1.0,True
40,10,10,4,False,False,,,False
40,11,1,40,True,True,11.0,1.0,True
40,12,4,10,False,False,,,False
40,13,1,40,True,True,37.0,1.0,True
40,14,2,20,False,False,,,False
40,15,5,8,False,False,,,False
40,16,8,5,False,False,,,False
40,17,1,40,True,True,33.0,1.0,True
40,18,2,20,False,False,,,False
40,19,1,40,True,True,19.0,1.0,True
40,20,20,2,False,False,,,False
40,21,1,40,True,True,21.0,1.0,True
40,22,2,20,False,False,,,False
40,23,1,40,True,True,7.0,1.0,True
40,24,8,5,False,False,,,False
40,25,5,8,False,False,,,False
40,26,2,20,False,False,,,False
40,27,1,40,True,True,3.0,1.0,True
40,28,4,10,False,False,,,False
40,29,1,40,True,True,29.0,1.0,True
40,30,10,4,False,False,,,False
40,31,1,40,True,True,31.0,1.0,True
40,32,8,5,False,False,,,False
40,33,1,40,True,True,17.0,1.0,True
40,34,2,20,False,False,,,False
40,35,5,8,False,False,,,False
40,36,4,10,False,False,,,False
40,37,1,40,True,True,13.0,1.0,True
40,38,2,20,False,False,,,False
40,39,1,40,True,True,39.0,1.0,True
41,1,1,41,True,True,1.0,1.0,True
41,2,1,41,True,True,21.0,1.0,True
41,3,1,41,True,True,14.0,1.0,True
41,4,1,41,True,True,31.0,1.0,True
41,5,1,41,True,True,33.0,1.0,True
41,6,1,41,True,True,7.0,1.0,True
41,7,1,41,True,True,6.0,1.0,True
41,8,1,41,True,True,36.0,1.0,True
41,9,1,41,True,True,32.0,1.0,True
41,10,1,41,True,True,37.0,1.0,True
41,11,1,41,True,True,15.0,1.0,True
41,12,1,41,True,True,24.0,1.0,True
41,13,1,41,True,True,19.0,1.0,True
41,14,1,41,True,True,3.0,1.0,True
41,15,1,41,True,True,11.0,1.0,True
41,16,1,41,True,True,18.0,1.0,True
41,17,1,41,True,True,29.0,1.0,True
41,18,1,41,True,True,16.0,1.0,True
41,19,1,41,True,True,13.0,1.0,True
41,20,1,41,True,True,39.0,1.0,True
41,21,1,41,True,True,2.0,1.0,True
41,22,1,41,True,True,28.0,1.0,True
41,23,1,41,True,True,25.0,1.0,True
41,24,1,41,True,True,12.0,1.0,True
41,25,1,41,True,True,23.0,1.0,True
41,26,1,41,True,True,30.0,1.0,True
41,27,1,41,True,True,38.0,1.0,True
41,28,1,41,True,True,22.0,1.0,True
41,29,1,41,True,True,17.0,1.0,True
41,30,1,41,True,True,26.0,1.0,True
41,31,1,41,True,True,4.0,1.0,True
41,32,1,41,True,True,9.0,1.0,True
41,33,1,41,True,True,5.0,1.0,True
41,34,1,41,True,True,35.0,1.0,True
41,35,1,41,True,True,34.0,1.0,True
41,36,1,41,True,True,8.0,1.0,True
41,37,1,41,True,True,10.0,1.0,True
41,38,1,41,True,True,27.0,1.0,True
41,39,1,41,True,True,20.0,1.0,True
41,40,1,41,True,True,40.0,1.0,True
42,1,1,42,True,True,1.0,1.0,True
42,2,2,21,False,False,,,False
42,3,3,14,False,False,,,False
42,4,2,21,False,False,,,False
42,5,1,42,True,True,17.0,1.0,True
42,6,6,7,False,False,,,False
42,7,7,6,False,False,,,False
42,8,2,21,False,False,,,False
42,9,3,14,False,False,,,False
42,10,2,21,False,False,,,False
42,11,1,42,True,True,23.0,1.0,True
42,12,6,7,False,False,,,False
42,13,1,42,True,True,13.0,1.0,True
42,14,14,3,False,False,,,False
42,15,3,14,False,False,,,False
42,16,2,21,False,False,,,False
42,17,1,42,True,True,5.0,1.0,True
42,18,6,7,False,False,,,False
42,19,1,42,True,True,31.0,1.0,True
42,20,2,21,False,False,,,False
42,21,21,2,False,False,,,False
42,22,2,21,False,False,,,False
42,23,1,42,True,True,11.0,1.0,True
42,24,6,7,False,False,,,False
42,25,1,42,True,True,37.0,1.0,True
42,26,2,21,False,False,,,False
42,27,3,14,False,False,,,False
42,28,14,3,False,False,,,False
42,29,1,42,True,True,29.0,1.0,True
42,30,6,7,False,False,,,False
42,31,1,42,True,True,19.0,1.0,True
42,32,2,21,False,False,,,False
42,33,3,14,False,False,,,False
42,34,2,21,False,False,,,False
42,35,7,6,False,False,,,False
42,36,6,7,False,False,,,False
42,37,1,42,True,True,25.0,1.0,True
42,38,2,21,False,False,,,False
42,39,3,14,False,False,,,False
42,40,2,21,False,False,,,False
42,41,1,42,True,True,41.0,1.0,True
43,1,1,43,True,True,1.0,1.0,True
43,2,1,43,True,True,22.0,1.0,True
43,3,1,43,True,True,29.0,1.0,True
43,4,1,43,True,True,11.0,1.0,True
43,5,1,43,True,True,26.0,1.0,True
43,6,1,43,True,True,36.0,1.0,True
43,7,1,43,True,True,37.0,1.0,True
43,8,1,43,True,True,27.0,1.0,True
43,9,1,43,True,True,24.0,1.0,True
43,10,1,43,True,True,13.0,1.0,True
43,11,1,43,True,True,4.0,1.0,True
43,12,1,43,True,True,18.0,1.0,True
43,13,1,43,True,True,10.0,1.0,True
43,14,1,43,True,True,40.0,1.0,True
43,15,1,43,True,True,23.0,1.0,True
43,16,1,43,True,True,35.0,1.0,True
43,17,1,43,True,True,38.0,1.0,True
43,18,1,43,True,True,12.0,1.0,True
43,19,1,43,True,True,34.0,1.0,True
43,20,1,43,True,True,28.0,1.0,True
43,21,1,43,True,True,41.0,1.0,True
43,22,1,43,True,True,2.0,1.0,True
43,23,1,43,True,True,15.0,1.0,True
43,24,1,43,True,True,9.0,1.0,True
43,25,1,43,True,True,31.0,1.0,True
43,26,1,43,True,True,5.0,1.0,True
43,27,1,43,True,True,8.0,1.0,True
43,28,1,43,True,True,20.0,1.0,True
43,29,1,43,True,True,3.0,1.0,True
43,30,1,43,True,True,33.0,1.0,True
43,31,1,43,True,True,25.0,1.0,True
43,32,1,43,True,True,39.0,1.0,True
43,33,1,43,True,True,30.0,1.0,True
43,34,1,43,True,True,19.0,1.0,True
43,35,1,43,True,True,16.0,1.0,True
43,36,1,43,True,True,6.0,1.0,True
43,37,1,43,True,True,7.0,1.0,True
43,38,1,43,True,True,17.0,1.0,True
43,39,1,43,True,True,32.0,1.0,True
43,40,1,43,True,True,14.0,1.0,True
43,41,1,43,True,True,21.0,1.0,True
43,42,1,43,True,True,42.0,1.0,True
44,1,1,44,True,True,1.0,1.0,True
44,2,2,22,False,False,,,False
44,3,1,44,True,True,15.0,1.0,True
44,4,4,11,False,False,,,False
44,5,1,44,True,True,9.0,1.0,True
44,6,2,22,False,False,,,False
44,7,1,44,True,True,19.0,1.0,True
44,8,4,11,False,False,,,False
44,9,1,44,True,True,5.0,1.0,True
44,10,2,22,False,False,,,False
44,11,11,4,False,False,,,False
44,12,4,11,False,False,,,False
44,13,1,44,True,True,17.0,1.0,True
44,14,2,22,False,False,,,False
44,15,1,44,True,True,3.0,1.0,True
44,16,4,11,False,False,,,False
44,17,1,44,True,True,13.0,1.0,True
44,18,2,22,False,False,,,False
44,19,1,44,True,True,7.0,1.0,True
44,20,4,11,False,False,,,False
44,21,1,44,True,True,21.0,1.0,True
44,22,22,2,False,False,,,False
44,23,1,44,True,True,23.0,1.0,True
44,24,4,11,False,False,,,False
44,25,1,44,True,True,37.0,1.0,True
44,26,2,22,False,False,,,False
44,27,1,44,True,True,31.0,1.0,True
44,28,4,11,False,False,,,False
44,29,1,44,True,True,41.0,1.0,True
44,30,2,22,False,False,,,False
44,31,1,44,True,True,27.0,1.0,True
44,32,4,11,False,False,,,False
44,33,11,4,False,False,,,False
44,34,2,22,False,False,,,False
44,35,1,44,True,True,39.0,1.0,True
44,36,4,11,False,False,,,False
44,37,1,44,True,True,25.0,1.0,True
44,38,2,22,False,False,,,False
44,39,1,44,True,True,35.0,1.0,True
44,40,4,11,False,False,,,False
44,41,1,44,True,True,29.0,1.0,True
44,42,2,22,False,False,,,False
44,43,1,44,True,True,43.0,1.0,True
45,1,1,45,True,True,1.0,1.0,True
45,2,1,45,True,True,23.0,1.0,True
45,3,3,15,False,False,,,False
45,4,1,45,True,True,34.0,1.0,True
45,5,5,9,False,False,,,False
45,6,3,15,False,False,,,False
45,7,1,45,True,True,13.0,1.0,True
45,8,1,45,True,True,17.0,1.0,True
45,9,9,5,False,False,,,False
45,10,5,9,False,False,,,False
45,11,1,45,True,True,41.0,1.0,True
45,12,3,15,False,False,,,False
45,13,1,45,True,True,7.0,1.0,True
45,14,1,45,True,True,29.0,1.0,True
45,15,15,3,False,False,,,False
45,16,1,45,True,True,31.0,1.0,True
45,17,1,45,True,True,8.0,1.0,True
45,18,9,5,False,False,,,False
45,19,1,45,True,True,19.0,1.0,True
45,20,5,9,False,False,,,False
45,21,3,15,False,False,,,False
45,22,1,45,True,True,43.0,1.0,True
45,23,1,45,True,True,2.0,1.0,True
45,24,3,15,False,False,,,False
45,25,5,9,False,False,,,False
45,26,1,45,True,True,26.0,1.0,True
45,27,9,5,False,False,,,False
45,28,1,45,True,True,37.0,1.0,True
45,29,1,45,True,True,14.0,1.0,True
45,30,15,3,False,False,,,False
45,31,1,45,True,True,16.0,1.0,True
45,32,1,45,True,True,38.0,1.0,True
45,33,3,15,False,False,,,False
45,34,1,45,True,True,4.0,1.0,True
45,35,5,9,False,False,,,False
45,36,9,5,False,False,,,False
45,37,1,45,True,True,28.0,1.0,True
45,38,1,45,True,True,32.0,1.0,True
45,39,3,15,False,False,,,False
45,40,5,9,False,False,,,False
45,41,1,45,True,True,11.0,1.0,True
45,42,3,15,False,False,,,False
45,43,1,45,True,True,22.0,1.0,True
45,44,1,45,True,True,44.0,1.0,True
46,1,1,46,True,True,1.0,1.0,True
46,2,2,23,False,False,,,False
46,3,1,46,True,True,31.0,1.0,True
46,4,2,23,False,False,,,False
46,5,1,46,True,True,37.0,1.0,True
46,6,2,23,False,False,,,False
46,7,1,46,True,True,33.0,1.0,True
46,8,2,23,False,False,,,False
46,9,1,46,True,True,41.0,1.0,True
46,10,2,23,False,False,,,False
46,11,1,46,True,True,21.0,1.0,True
46,12,2,23,False,False,,,False
46,13,1,46,True,True,39.0,1.0,True
46,14,2,23,False,False,,,False
46,15,1,46,True,True,43.0,1.0,True
46,16,2,23,False,False,,,False
46,17,1,46,True,True,19.0,1.0,True
46,18,2,23,False,False,,,False
46,19,1,46,True,True,17.0,1.0,True
46,20,2,23,False,False,,,False
46,21,1,46,True,True,11.0,1.0,True
46,22,2,23,False,False,,,False
46,23,23,2,False,False,,,False
46,24,2,23,False,False,,,False
46,25,1,46,True,True,35.0,1.0,True
46,26,2,23,False,False,,,False
46,27,1,46,True,True,29.0,1.0,True
46,28,2,23,False,False,,,False
46,29,1,46,True,True,27.0,1.0,True
46,30,2,23,False,False,,,False
46,31,1,46,True,True,3.0,1.0,True
46,32,2,23,False,False,,,False
46,33,1,46,True,True,7.0,1.0,True
46,34,2,23,False,False,,,False
46,35,1,46,True,True,25.0,1.0,True
46,36,2,23,False,False,,,False
46,37,1,46,True,True,5.0,1.0,True
46,38,2,23,False,False,,,False
46,39,1,46,True,True,13.0,1.0,True
46,40,2,23,False,False,,,False
46,41,1,46,True,True,9.0,1.0,True
46,42,2,23,False,False,,,False
46,43,1,46,True,True,15.0,1.0,True
46,44,2,23,False,False,,,False
46,45,1,46,True,True,45.0,1.0,True
47,1,1,47,True,True,1.0,1.0,True
47,2,1,47,True,True,24.0,1.0,True
47,3,1,47,True,True,16.0,1.0,True
47,4,1,47,True,True,12.0,1.0,True
47,5,1,47,True,True,19.0,1.0,True
47,6,1,47,True,True,8.0,1.0,True
47,7,1,47,True,True,27.0,1.0,True
47,8,1,47,True,True,6.0,1.0,True
47,9,1,47,True,True,21.0,1.0,True
47,10,1,47,True,True,33.0,1.0,True
47,11,1,47,True,True,30.0,1.0,True
47,12,1,47,True,True,4.0,1.0,True
47,13,1,47,True,True,29.0,1.0,True
47,14,1,47,True,True,37.0,1.0,True
47,15,1,47,True,True,22.0,1.0,True
47,16,1,47,True,True,3.0,1.0,True
47,17,1,47,True,True,36.0,1.0,True
47,18,1,47,True,True,34.0,1.0,True
47,19,1,47,True,True,5.0,1.0,True
47,20,1,47,True,True,40.0,1.0,True
47,21,1,47,True,True,9.0,1.0,True
47,22,1,47,True,True,15.0,1.0,True
47,23,1,47,True,True,45.0,1.0,True
47,24,1,47,True,True,2.0,1.0,True
47,25,1,47,True,True,32.0,1.0,True
47,26,1,47,True,True,38.0,1.0,True
47,27,1,47,True,True,7.0,1.0,True
47,28,1,47,True,True,42.0,1.0,True
47,29,1,47,True,True,13.0,1.0,True
47,30,1,47,True,True,11.0,1.0,True
47,31,1,47,True,True,44.0,1.0,True
47,32,1,47,True,True,25.0,1.0,True
47,33,1,47,True,True,10.0,1.0,True
47,34,1,47,True,True,18.0,1.0,True
47,35,1,47,True,True,43.0,1.0,True
47,36,1,47,True,True,17.0,1.0,True
47,37,1,47,True,True,14.0,1.0,True
47,38,1,47,True,True,26.0,1.0,True
47,39,1,47,True,True,41.0,1.0,True
47,40,1,47,True,True,20.0,1.0,True
47,41,1,47,True,True,39.0,1.0,True
47,42,1,47,True,True,28.0,1.0,True
47,43,1,47,True,True,35.0,1.0,True
47,44,1,47,True,True,31.0,1.0,True
47,45,1,47,True,True,23.0,1.0,True
47,46,1,47,True,True,46.0,1.0,True
48,1,1,48,True,True,1.0,1.0,True
48,2,2,24,False,False,,,False
48,3,3,16,False,False,,,False
48,4,4,12,False,False,,,False
48,5,1,48,True,True,29.0,1.0,True
48,6,6,8,False,False,,,False
48,7,1,48,True,True,7.0,1.0,True
48,8,8,6,False,False,,,False
48,9,3,16,False,False,,,False
48,10,2,24,False,False,,,False
48,11,1,48,True,True,35.0,1.0,True
48,12,12,4,False,False,,,False
48,13,1,48,True,True,37.0,1.0,True
48,14,2,24,False,False,,,False
48,15,3,16,False,False,,,False
48,16,16,3,False,False,,,False
48,17,1,48,True,True,17.0,1.0,True
48,18,6,8,False,False,,,False
48,19,1,48,True,True,43.0,1.0,True
48,20,4,12,False,False,,,False
48,21,3,16,False,False,,,False
48,22,2,24,False,False,,,False
48,23,1,48,True,True,23.0,1.0,True
48,24,24,2,False,False,,,False
48,25,1,48,True,True,25.0,1.0,True
48,26,2,24,False,False,,,False
48,27,3,16,False,False,,,False
48,28,4,12,False,False,,,False
48,29,1,48,True,True,5.0,1.0,True
48,30,6,8,False,False,,,False
48,31,1,48,True,True,31.0,1.0,True
48,32,16,3,False,False,,,False
48,33,3,16,False,False,,,False
48,34,2,24,False,False,,,False
48,35,1,48,True,True,11.0,1.0,True
48,36,12,4,False,False,,,False
48,37,1,48,True,True,13.0,1.0,True
48,38,2,24,False,False,,,False
48,39,3,16,False,False,,,False
48,40,8,6,False,False,,,False
48,41,1,48,True,True,41.0,1.0,True
48,42,6,8,False,False,,,False
48,43,1,48,True,True,19.0,1.0,True
48,44,4,12,False,False,,,False
48,45,3,16,False,False,,,False
48,46,2,24,False,False,,,False
48,47,1,48,True,True,47.0,1.0,True
49,1,1,49,True,True,1.0,1.0,True
49,2,1,49,True,True,25.0,1.0,True
49,3,1,49,True,True,33.0,1.0,True
49,4,1,49,True,True,37.0,1.0,True
49,5,1,49,True,True,10.0,1.0,True
49,6,1,49,True,True,41.0,1.0,True
49,7,7,7,False,False,,,False
49,8,1,49,True,True,43.0,1.0,True
49,9,1,49,True,True,11.0,1.0,True
49,10,1,49,True,True,5.0,1.0,True
49,11,1,49,True,True,9.0,1.0,True
49,12,1,49,True,True,45.0,1.0,True
49,13,1,49,True,True,34.0,1.0,True
49,14,7,7,False,False,,,False
49,15,1,49,True,True,36.0,1.0,True
49,16,1,49,True,True,46.0,1.0,True
49,17,1,49,True,True,26.0,1.0,True
49,18,1,49,True,True,30.0,1.0,True
49,19,1,49,True,True,31.0,1.0,True
49,20,1,49,True,True,27.0,1.0,True
49,21,7,7,False,False,,,False
49,22,1,49,True,True,29.0,1.0,True
49,23,1,49,True,True,32.0,1.0,True
49,24,1,49,True,True,47.0,1.0,True
49,25,1,49,True,True,2.0,1.0,True
49,26,1,49,True,True,17.0,1.0,True
49,27,1,49,True,True,20.0,1.0,True
49,28,7,7,False,False,,,False
49,29,1,49,True,True,22.0,1.0,True
49,30,1,49,True,True,18.0,1.0,True
49,31,1,49,True,True,19.0,1.0,True
49,32,1,49,True,True,23.0,1.0,True
49,33,1,49,True,True,3.0,1.0,True
49,34,1,49,True,True,13.0,1.0,True
49,35,7,7,False,False,,,False
49,36,1,49,True,True,15.0,1.0,True
49,37,1,49,True,True,4.0,1.0,True
49,38,1,49,True,True,40.0,1.0,True
49,39,1,49,True,True,44.0,1.0,True
49,40,1,49,True,True,38.0,1.0,True
49,41,1,49,True,True,6.0,1.0,True
49,42,7,7,False,False,,,False
49,43,1,49,True,True,8.0,1.0,True
49,44,1,49,True,True,39.0,1.0,True
49,45,1,49,True,True,12.0,1.0,True
49,46,1,49,True,True,16.0,1.0,True
49,47,1,49,True,True,24.0,1.0,True
49,48,1,49,True,True,48.0,1.0,True
50,1,1,50,True,True,1.0,1.0,True
50,2,2,25,False,False,,,False
50,3,1,50,True,True,17.0,1.0,True
50,4,2,25,False,False,,,False
50,5,5,10,False,False,,,False
50,6,2,25,False,False,,,False
50,7,1,50,True,True,43.0,1.0,True
50,8,2,25,False,False,,,False
50,9,1,50,True,True,39.0,1.0,True
50,10,10,5,False,False,,,False
50,11,1,50,True,True,41.0,1.0,True
50,12,2,25,False,False,,,False
50,13,1,50,True,True,27.0,1.0,True
50,14,2,25,False,False,,,False
50,15,5,10,False,False,,,False
50,16,2,25,False,False,,,False
50,17,1,50,True,True,3.0,1.0,True
50,18,2,25,False,False,,,False
50,19,1,50,True,True,29.0,1.0,True
50,20,10,5,False,False,,,False
50,21,1,50,True,True,31.0,1.0,True
50,22,2,25,False,False,,,False
50,23,1,50,True,True,37.0,1.0,True
50,24,2,25,False,False,,,False
50,25,25,2,False,False,,,False
50,26,2,25,False,False,,,False
50,27,1,50,True,True,13.0,1.0,True
50,28,2,25,False,False,,,False
50,29,1,50,True,True,19.0,1.0,True
50,30,10,5,False,False,,,False
50,31,1,50,True,True,21.0,1.0,True
50,32,2,25,False,False,,,False
50,33,1,50,True,True,47.0,1.0,True
50,34,2,25,False,False,,,False
50,35,5,10,False,False,,,False
50,36,2,25,False,False,,,False
50,37,1,50,True,True,23.0,1.0,True
50,38,2,25,False,False,,,False
50,39,1,50,True,True,9.0,1.0,True
50,40,10,5,False,False,,,False
50,41,1,50,True,True,11.0,1.0,True
50,42,2,25,False,False,,,False
50,43,1,50,True,True,7.0,1.0,True
50,44,2,25,False,False,,,False
50,45,5,10,False,False,,,False
50,46,2,25,False,False,,,False
50,47,1,50,True,True,33.0,1.0,True
50,48,2,25,False,False,,,False
50,49,1,50,True,True,49.0,1.0,True
51,1,1,51,True,True,1.0,1.0,True
51,2,1,51,True,True,26.0,1.0,True
51,3,3,17,False,False,,,False
51,4,1,51,True,True,13.0,1.0,True
51,5,1,51,True,True,41.0,1.0,True
51,6,3,17,False,False,,,False
51,7,1,51,True,True,22.0,1.0,True
51,8,1,51,True,True,32.0,1.0,True
51,9,3,17,False,False,,,False
51,10,1,51,True,True,46.0,1.0,True
51,11,1,51,True,True,14.0,1.0,True
51,12,3,17,False,False,,,False
51,13,1,51,True,True,4.0,1.0,True
51,14,1,51,True,True,11.0,1.0,True
51,15,3,17,False,False,,,False
51,16,1,51,True,True,16.0,1.0,True
51,17,17,3,False,False,,,False
51,18,3,17,False,False,,,False
51,19,1,51,True,True,43.0,1.0,True
51,20,1,51,True,True,23.0,1.0,True
51,21,3,17,False,False,,,False
51,22,1,51,True,True,7.0,1.0,True
51,23,1,51,True,True,20.0,1.0,True
51,24,3,17,False,False,,,False
51,25,1,51,True,True,49.0,1.0,True
51,26,1,51,True,True,2.0,1.0,True
51,27,3,17,False,False,,,False
51,28,1,51,True,True,31.0,1.0,True
51,29,1,51,True,True,44.0,1.0,True
51,30,3,17,False,False,,,False
51,31,1,51,True,True,28.0,1.0,True
51,32,1,51,True,True,8.0,1.0,True
51,33,3,17,False,False,,,False
51,34,17,3,False,False,,,False
51,35,1,51,True,True,35.0,1.0,True
51,36,3,17,False,False,,,False
51,37,1,51,True,True,40.0,1.0,True
51,38,1,51,True,True,47.0,1.0,True
51,39,3,17,False,False,,,False
51,40,1,51,True,True,37.0,1.0,True
51,41,1,51,True,True,5.0,1.0,True
51,42,3,17,False,False,,,False
51,43,1,51,True,True,19.0,1.0,True
51,44,1,51,True,True,29.0,1.0,True
51,45,3,17,False,False,,,False
51,46,1,51,True,True,10.0,1.0,True
51,47,1,51,True,True,38.0,1.0,True
51,48,3,17,False,False,,,False
51,49,1,51,True,True,25.0,1.0,True
51,50,1,51,True,True,50.0,1.0,True
52,1,1,52,True,True,1.0,1.0,True
52,2,2,26,False,False,,,False
52,3,1,52,True,True,35.0,1.0,True
52,4,4,13,False,False,,,False
52,5,1,52,True,True,21.0,1.0,True
52,6,2,26,False,False,,,False
52,7,1,52,True,True,15.0,1.0,True
52,8,4,13,False,False,,,False
52,9,1,52,True,True,29.0,1.0,True
52,10,2,26,False,False,,,False
52,11,1,52,True,True,19.0,1.0,True
52,12,4,13,False,False,,,False
52,13,13,4,False,False,,,False
52,14,2,26,False,False,,,False
52,15,1,52,True,True,7.0,1.0,True
52,16,4,13,False,False,,,False
52,17,1,52,True,True,49.0,1.0,True
52,18,2,26,False,False,,,False
52,19,1,52,True,True,11.0,1.0,True
52,20,4,13,False,False,,,False
52,21,1,52,True,True,5.0,1.0,True
52,22,2,26,False,False,,,False
52,23,1,52,True,True,43.0,1.0,True
52,24,4,13,False,False,,,False
52,25,1,52,True,True,25.0,1.0,True
52,26,26,2,False,False,,,False
52,27,1,52,True,True,27.0,1.0,True
52,28,4,13,False,False,,,False
52,29,1,52,True,True,9.0,1.0,True
52,30,2,26,False,False,,,False
52,31,1,52,True,True,47.0,1.0,True
52,32,4,13,False,False,,,False
52,33,1,52,True,True,41.0,1.0,True
52,34,2,26,False,False,,,False
52,35,1,52,True,True,3.0,1.0,True
52,36,4,13,False,False,,,False
52,37,1,52,True,True,45.0,1.0,True
52,38,2,26,False,False,,,False
52,39,13,4,False,False,,,False
52,40,4,13,False,False,,,False
52,41,1,52,True,True,33.0,1.0,True
52,42,2,26,False,False,,,False
52,43,1,52,True,True,23.0,1.0,True
52,44,4,13,False,False,,,False
52,45,1,52,True,True,37.0,1.0,True
52,46,2,26,False,False,,,False
52,47,1,52,True,True,31.0,1.0,True
52,48,4,13,False,False,,,False
52,49,1,52,True,True,17.0,1.0,True
52,50,2,26,False,False,,,False
52,51,1,52,True,True,51.0,1.0,True
53,1,1,53,True,True,1.0,1.0,True
53,2,1,53,True,True,27.0,1.0,True
53,3,1,53,True,True,18.0,1.0,True
53,4,1,53,True,True,40.0,1.0,True
53,5,1,53,True,True,32.0,1.0,True
53,6,1,53,True,True,9.0,1.0,True
53,7,1,53,True,True,38.0,1.0,True
53,8,1,53,True,True,20.0,1.0,True
53,9,1,53,True,True,6.0,1.0,True
53,10,1,53,True,True,16.0,1.0,True
53,11,1,53,True,True,29.0,1.0,True
53,12,1,53,True,True,31.0,1.0,True
53,13,1,53,True,True,49.0,1.0,True
53,14,1,53,True,True,19.0,1.0,True
53,15,1,53,True,True,46.0,1.0,True
53,16,1,53,True,True,10.0,1.0,True
53,17,1,53,True,True,25.0,1.0,True
53,18,1,53,True,True,3.0,1.0,True
53,19,1,53,True,True,14.0,1.0,True
53,20,1,53,True,True,8.0,1.0,True
53,21,1,53,True,True,48.0,1.0,True
53,22,1,53,True,True,41.0,1.0,True
53,23,1,53,True,True,30.0,1.0,True
53,24,1,53,True,True,42.0,1.0,True
53,25,1,53,True,True,17.0,1.0,True
53,26,1,53,True,True,51.0,1.0,True
53,27,1,53,True,True,2.0,1.0,True
53,28,1,53,True,True,36.0,1.0,True
53,29,1,53,True,True,11.0,1.0,True
53,30,1,53,True,True,23.0,1.0,True
53,31,1,53,True,True,12.0,1.0,True
53,32,1,53,True,True,5.0,1.0,True
53,33,1,53,True,True,45.0,1.0,True
53,34,1,53,True,True,39.0,1.0,True
53,35,1,53,True,True,50.0,1.0,True
53,36,1,53,True,True,28.0,1.0,True
53,37,1,53,True,True,43.0,1.0,True
53,38,1,53,True,True,7.0,1.0,True
53,39,1,53,True,True,34.0,1.0,True
53,40,1,53,True,True,4.0,1.0,True
53,41,1,53,True,True,22.0,1.0,True
53,42,1,53,True,True,24.0,1.0,True
53,43,1,53,True,True,37.0,1.0,True
53,44,1,53,True,True,47.0,1.0,True
53,45,1,53,True,True,33.0,1.0,True
53,46,1,53,True,True,15.0,1.0,True
53,47,1,53,True,True,44.0,1.0,True
53,48,1,53,True,True,21.0,1.0,True
53,49,1,53,True,True,13.0,1.0,True
53,50,1,53,True,True,35.0,1.0,True
53,51,1,53,True,True,26.0,1.0,True
53,52,1,53,True,True,52.0,1.0,True
54,1,1,54,True,True,1.0,1.0,True
54,2,2,27,False,False,,,False
54,3,3,18,False,False,,,False
54,4,2,27,False,False,,,False
54,5,1,54,True,True,11.0,1.0,True
54,6,6,9,False,False,,,False
54,7,1,54,True,True,31.0,1.0,True
54,8,2,27,False,False,,,False
54,9,9,6,False,False,,,False
54,10,2,27,False,False,,,False
54,11,1,54,True,True,5.0,1.0,True
54,12,6,9,False,False,,,False
54,13,1,54,True,True,25.0,1.0,True
54,14,2,27,False,False,,,False
54,15,3,18,False,False,,,False
54,16,2,27,False,False,,,False
54,17,1,54,True,True,35.0,1.0,True
54,18,18,3,False,False,,,False
54,19,1,54,True,True,37.0,1.0,True
54,20,2,27,False,False,,,False
54,21,3,18,False,False,,,False
54,22,2,27,False,False,,,False
54,23,1,54,True,True,47.0,1.0,True
54,24,6,9,False,False,,,False
54,25,1,54,True,True,13.0,1.0,True
54,26,2,27,False,False,,,False
54,27,27,2,False,False,,,False
54,28,2,27,False,False,,,False
54,29,1,54,True,True,41.0,1.0,True
54,30,6,9,False,False,,,False
54,31,1,54,True,True,7.0,1.0,True
54,32,2,27,False,False,,,False
54,33,3,18,False,False,,,False
54,34,2,27,False,False,,,False
54,35,1,54,True,True,17.0,1.0,True
54,36,18,3,False,False,,,False
54,37,1,54,True,True,19.0,1.0,True
54,38,2,27,False,False,,,False
54,39,3,18,False,False,,,False
54,40,2,27,False,False,,,False
54,41,1,54,True,True,29.0,1.0,True
54,42,6,9,False,False,,,False
54,43,1,54,True,True,49.0,1.0,True
54,44,2,27,False,False,,,False
54,45,9,6,False,False,,,False
54,46,2,27,False,False,,,False
54,47,1,54,True,True,23.0,1.0,True
54,48,6,9,False,False,,,False
54,49,1,54,True,True,43.0,1.0,True
54,50,2,27,False,False,,,False
54,51,3,18,False,False,,,False
54,52,2,27,False,False,,,False
54,53,1,54,True,True,53.0,1.0,True
55,1,1,55,True,True,1.0,1.0,True
55,2,1,55,True,True,28.0,1.0,True
55,3,1,55,True,True,37.0,1.0,True
55,4,1,55,True,True,14.0,1.0,True
55,5,5,11,False,False,,,False
55,6,1,55,True,True,46.0,1.0,True
55,7,1,55,True,True,8.0,1.0,True
55,8,1,55,True,True,7.0,1.0,True
55,9,1,55,True,True,49.0,1.0,True
55,10,5,11,False,False,,,False
55,11,11,5,False,False,,,False
55,12,1,55,True,True,23.0,1.0,True
55,13,1,55,True,True,17.0,1.0,True
55,14,1,55,True,True,4.0,1.0,True
55,15,5,11,False,False,,,False
55,16,1,55,True,True,31.0,1.0,True
55,17,1,55,True,True,13.0,1.0,True
55,18,1,55,True,True,52.0,1.0,True
55,19,1,55,True,True,29.0,1.0,True
55,20,5,11,False,False,,,False
55,21,1,55,True,True,21.0,1.0,True
55,22,11,5,False,False,,,False
55,23,1,55,True,True,12.0,1.0,True
55,24,1,55,True,True,39.0,1.0,True
55,25,5,11,False,False,,,False
55,26,1,55,True,True,36.0,1.0,True
55,27,1,55,True,True,53.0,1.0,True
55,28,1,55,True,True,2.0,1.0,True
55,29,1,55,True,True,19.0,1.0,True
55,30,5,11,False,False,,,False
55,31,1,55,True,True,16.0,1.0,True
55,32,1,55,True,True,43.0,1.0,True
55,33,11,5,False,False,,,False
55,34,1,55,True,True,34.0,1.0,True
55,35,5,11,False,False,,,False
55,36,1,55,True,True,26.0,1.0,True
55,37,1,55,True,True,3.0,1.0,True
55,38,1,55,True,True,42.0,1.0,True
55,39,1,55,True,True,24.0,1.0,True
55,40,5,11,False,False,,,False
55,41,1,55,True,True,51.0,1.0,True
55,42,1,55,True,True,38.0,1.0,True
55,43,1,55,True,True,32.0,1.0,True
55,44,11,5,False,False,,,False
55,45,5,11,False,False,,,False
55,46,1,55,True,True,6.0,1.0,True
55,47,1,55,True,True,48.0,1.0,True
55,48,1,55,True,True,47.0,1.0,True
55,49,1,55,True,True,9.0,1.0,True
55,50,5,11,False,False,,,False
55,51,1,55,True,True,41.0,1.0,True
55,52,1,55,True,True,18.0,1.0,True
55,53,1,55,True,True,27.0,1.0,True
55,54,1,55,True,True,54.0,1.0,True
56,1,1,56,True,True,1.0,1.0,True
56,2,2,28,False,False,,,False
56,3,1,56,True,True,19.0,1.0,True
56,4,4,14,False,False,,,False
56,5,1,56,True,True,45.0,1.0,True
56,6,2,28,False,False,,,False
56,7,7,8,False,False,,,False
56,8,8,7,False,False,,,False
56,9,1,56,True,True,25.0,1.0,True
56,10,2,28,False,False,,,False
56,11,1,56,True,True,51.0,1.0,True
56,12,4,14,False,False,,,False
56,13,1,56,True,True,13.0,1.0,True
56,14,14,4,False,False,,,False
56,15,1,56,True,True,15.0,1.0,True
56,16,8,7,False,False,,,False
56,17,1,56,True,True,33.0,1.0,True
56,18,2,28,False,False,,,False
56,19,1,56,True,True,3.0,1.0,True
56,20,4,14,False,False,,,False
56,21,7,8,False,False,,,False
56,22,2,28,False,False,,,False
56,23,1,56,True,True,39.0,1.0,True
56,24,8,7,False,False,,,False
56,25,1,56,True,True,9.0,1.0,True
56,26,2,28,False,False,,,False
56,27,1,56,True,True,27.0,1.0,True
56,28,28,2,False,False,,,False
56,29,1,56,True,True,29.0,1.0,True
56,30,2,28,False,False,,,False
56,31,1,56,True,True,47.0,1.0,True
56,32,8,7,False,False,,,False
56,33,1,56,True,True,17.0,1.0,True
56,34,2,28,False,False,,,False
56,35,7,8,False,False,,,False
56,36,4,14,False,False,,,False
56,37,1,56,True,True,53.0,1.0,True
56,38,2,28,False,False,,,False
56,39,1,56,True,True,23.0,1.0,True
56,40,8,7,False,False,,,False
56,41,1,56,True,True,41.0,1.0,True
56,42,14,4,False,False,,,False
56,43,1,56,True,True,43.0,1.0,True
56,44,4,14,False,False,,,False
56,45,1,56,True,True,5.0,1.0,True
56,46,2,28,False,False,,,False
56,47,1,56,True,True,31.0,1.0,True
56,48,8,7,False,False,,,False
56,49,7,8,False,False,,,False
56,50,2,28,False,False,,,False
56,51,1,56,True,True,11.0,1.0,True
56,52,4,14,False,False,,,False
56,53,1,56,True,True,37.0,1.0,True
56,54,2,28,False,False,,,False
56,55,1,56,True,True,55.0,1.0,True
57,1,1,57,True,True,1.0,1.0,True
57,2,1,57,True,True,29.0,1.0,True
57,3,3,19,False,False,,,False
57,4,1,57,True,True,43.0,1.0,True
57,5,1,57,True,True,23.0,1.0,True
57,6,3,19,False,False,,,False
57,7,1,57,True,True,49.0,1.0,True
57,8,1,57,True,True,50.0,1.0,True
57,9,3,19,False,False,,,False
57,10,1,57,True,True,40.0,1.0,True
57,11,1,57,True,True,26.0,1.0,True
57,12,3,19,False,False,,,False
57,13,1,57,True,True,22.0,1.0,True
57,14,1,57,True,True,53.0,1.0,True
57,15,3,19,False,False,,,False
57,16,1,57,True,True,25.0,1.0,True
57,17,1,57,True,True,47.0,1.0,True
57,18,3,19,False,False,,,False
57,19,19,3,False,False,,,False
57,20,1,57,True,True,20.0,1.0,True
57,21,3,19,False,False,,,False
57,22,1,57,True,True,13.0,1.0,True
57,23,1,57,True,True,5.0,1.0,True
57,24,3,19,False,False,,,False
57,25,1,57,True,True,16.0,1.0,True
57,26,1,57,True,True,11.0,1.0,True
57,27,3,19,False,False,,,False
57,28,1,57,True,True,55.0,1.0,True
57,29,1,57,True,True,2.0,1.0,True
57,30,3,19,False,False,,,False
57,31,1,57,True,True,46.0,1.0,True
57,32,1,57,True,True,41.0,1.0,True
57,33,3,19,False,False,,,False
57,34,1,57,True,True,52.0,1.0,True
57,35,1,57,True,True,44.0,1.0,True
57,36,3,19,False,False,,,False
57,37,1,57,True,True,37.0,1.0,True
57,38,19,3,False,False,,,False
57,39,3,19,False,False,,,False
57,40,1,57,True,True,10.0,1.0,True
57,41,1,57,True,True,32.0,1.0,True
57,42,3,19,False,False,,,False
57,43,1,57,True,True,4.0,1.0,True
57,44,1,57,True,True,35.0,1.0,True
57,45,3,19,False,False,,,False
57,46,1,57,True,True,31.0,1.0,True
57,47,1,57,True,True,17.0,1.0,True
57,48,3,19,False,False,,,False
57,49,1,57,True,True,7.0,1.0,True
57,50,1,57,True,True,8.0,1.0,True
57,51,3,19,False,False,,,False
57,52,1,57,True,True,34.0,1.0,True
57,53,1,57,True,True,14.0,1.0,True
57,54,3,19,False,False,,,False
57,55,1,57,True,True,28.0,1.0,True
57,56,1,57,True,True,56.0,1.0,True
58,1,1,58,True,True,1.0,1.0,True
58,2,2,29,False,False,,,False
58,3,1,58,True,True,39.0,1.0,True
58,4,2,29,False,False,,,False
58,5,1,58,True,True,35.0,1.0,True
58,6,2,29,False,False,,,False
58,7,1,58,True,True,25.0,1.0,True
58,8,2,29,False,False,,,False
58,9,1,58,True,True,13.0,1.0,True
58,10,2,29,False,False,,,False
58,11,1,58,True,True,37.0,1.0,True
58,12,2,29,False,False,,,False
58,13,1,58,True,True,9.0,1.0,True
58,14,2,29,False,False,,,False
58,15,1,58,True,True,31.0,1.0,True
58,16,2,29,False,False,,,False
58,17,1,58,True,True,41.0,1.0,True
58,18,2,29,False,False,,,False
58,19,1,58,True,True,55.0,1.0,True
58,20,2,29,False,False,,,False
58,21,1,58,True,True,47.0,1.0,True
58,22,2,29,False,False,,,False
58,23,1,58,True,True,53.0,1.0,True
58,24,2,29,False,False,,,False
58,25,1,58,True,True,7.0,1.0,True
58,26,2,29,False,False,,,False
58,27,1,58,True,True,43.0,1.0,True
58,28,2,29,False,False,,,False
58,29,29,2,False,False,,,False
58,30,2,29,False,False,,,False
58,31,1,58,True,True,15.0,1.0,True
58,32,2,29,False,False,,,False
58,33,1,58,True,True,51.0,1.0,True
58,34,2,29,False,False,,,False
58,35,1,58,True,True,5.0,1.0,True
58,36,2,29,False,False,,,False
58,37,1,58,True,True,11.0,1.0,True
58,38,2,29,False,False,,,False
58,39,1,58,True,True,3.0,1.0,True
58,40,2,29,False,False,,,False
58,41,1,58,True,True,17.0,1.0,True
58,42,2,29,False,False,,,False
58,43,1,58,True,True,27.0,1.0,True
58,44,2,29,False,False,,,False
58,45,1,58,True,True,49.0,1.0,True
58,46,2,29,False,False,,,False
58,47,1,58,True,True,21.0,1.0,True
58,48,2,29,False,False,,,False
58,49,1,58,True,True,45.0,1.0,True
58,50,2,29,False,False,,,False
58,51,1,58,True,True,33.0,1.0,True
58,52,2,29,False,False,,,False
58,53,1,58,True,True,23.0,1.0,True
58,54,2,29,False,False,,,False
58,55,1,58,True,True,19.0,1.0,True
58,56,2,29,False,False,,,False
58,57,1,58,True,True,57.0,1.0,True
59,1,1,59,True,True,1.0,1.0,True
59,2,1,59,True,True,30.0,1.0,True
59,3,1,59,True,True,20.0,1.0,True
59,4,1,59,True,True,15.0,1.0,True
59,5,1,59,True,True,12.0,1.0,True
59,6,1,59,True,True,10.0,1.0,True
59,7,1,59,True,True,17.0,1.0,True
59,8,1,59,True,True,37.0,1.0,True
59,9,1,59,True,True,46.0,1.0,True
59,10,1,59,True,True,6.0,1.0,True
59,11,1,59,True,True,43.0,1.0,True
59,12,1,59,True,True,5.0,1.0,True
59,13,1,59,True,True,50.0,1.0,True
59,14,1,59,True,True,38.0,1.0,True
59,15,1,59,True,True,4.0,1.0,True
59,16,1,59,True,True,48.0,1.0,True
59,17,1,59,True,True,7.0,1.0,True
59,18,1,59,True,True,23.0,1.0,True
59,19,1,59,True,True,28.0,1.0,True
59,20,1,59,True,True,3.0,1.0,True
59,21,1,59,True,True,45.0,1.0,True
59,22,1,59,True,True,51.0,1.0,True
59,23,1,59,True,True,18.0,1.0,True
59,24,1,59,True,True,32.0,1.0,True
59,25,1,59,True,True,26.0,1.0,True
59,26,1,59,True,True,25.0,1.0,True
59,27,1,59,True,True,35.0,1.0,True
59,28,1,59,True,True,19.0,1.0,True
59,29,1,59,True,True,57.0,1.0,True
59,30,1,59,True,True,2.0,1.0,True
59,31,1,59,True,True,40.0,1.0,True
59,32,1,59,True,True,24.0,1.0,True
59,33,1,59,True,True,34.0,1.0,True
59,34,1,59,True,True,33.0,1.0,True
59,35,1,59,True,True,27.0,1.0,True
59,36,1,59,True,True,41.0,1.0,True
59,37,1,59,True,True,8.0,1.0,True
59,38,1,59,True,True,14.0,1.0,True
59,39,1,59,True,True,56.0,1.0,True
59,40,1,59,True,True,31.0,1.0,True
59,41,1,59,True,True,36.0,1.0,True
59,42,1,59,True,True,52.0,1.0,True
59,43,1,59,True,True,11.0,1.0,True
59,44,1,59,True,True,55.0,1.0,True
59,45,1,59,True,True,21.0,1.0,True
59,46,1,59,True,True,9.0,1.0,True
59,47,1,59,True,True,54.0,1.0,True
59,48,1,59,True,True,16.0,1.0,True
59,49,1,59,True,True,53.0,1.0,True
59,50,1,59,True,True,13.0,1.0,True
59,51,1,59,True,True,22.0,1.0,True
59,52,1,59,True,True,42.0,1.0,True
59,53,1,59,True,True,49.0,1.0,True
59,54,1,59,True,True,47.0,1.0,True
59,55,1,59,True,True,44.0,1.0,True
59,56,1,59,True,True,39.0,1.0,True
59,57,1,59,True,True,29.0,1.0,True
59,58,1,59,True,True,58.0,1.0,True
60,1,1,60,True,True,1.0,1.0,True
60,2,2,30,False,False,,,False
60,3,3,20,False,False,,,False
60,4,4,15,False,False,,,False
60,5,5,12,False,False,,,False
60,6,6,10,False,False,,,False
60,7,1,60,True,True,43.0,1.0,True
60,8,4,15,False,False,,,False
60,9,3,20,False,False,,,False
60,10,10,6,False,False,,,False
60,11,1,60,True,True,11.0,1.0,True
60,12,12,5,False,False,,,False
60,13,1,60,True,True,37.0,1.0,True
60,14,2,30,False,False,,,False
60,15,15,4,False,False,,,False
60,16,4,15,False,False,,,False
60,17,1,60,True,True,53.0,1.0,True
60,18,6,10,False,False,,,False
60,19,1,60,True,True,19.0,1.0,True
60,20,20,3,False,False,,,False
60,21,3,20,False,False,,,False
60,22,2,30,False,False,,,False
60,23,1,60,True,True,47.0,1.0,True
60,24,12,5,False,False,,,False
60,25,5,12,False,False,,,False
60,26,2,30,False,False,,,False
60,27,3,20,False,False,,,False
60,28,4,15,False,False,,,False
60,29,1,60,True,True,29.0,1.0,True
60,30,30,2,False,False,,,False
60,31,1,60,True,True,31.0,1.0,True
60,32,4,15,False,False,,,False
60,33,3,20,False,False,,,False
60,34,2,30,False,False,,,False
60,35,5,12,False,False,,,False
60,36,12,5,False,False,,,False
60,37,1,60,True,True,13.0,1.0,True
60,38,2,30,False,False,,,False
60,39,3,20,False,False,,,False
60,40,20,3,False,False,,,False
60,41,1,60,True,True,41.0,1.0,True
60,42,6,10,False,False,,,False
60,43,1,60,True,True,7.0,1.0,True
60,44,4,15,False,False,,,False
60,45,15,4,False,False,,,False
60,46,2,30,False,False,,,False
60,47,1,60,True,True,23.0,1.0,True
60,48,12,5,False,False,,,False
60,49,1,60,True,True,49.0,1.0,True
60,50,10,6,False,False,,,False
60,51,3,20,False,False,,,False
60,52,4,15,False,False,,,False
60,53,1,60,True,True,17.0,1.0,True
60,54,6,10,False,False,,,False
60,55,5,12,False,False,,,False
60,56,4,15,False,False,,,False
60,57,3,20,False,False,,,False
60,58,2,30,False,False,,,False
60,59,1,60,True,True,59.0,1.0,True
61,1,1,61,True,True,1.0,1.0,True
61,2,1,61,True,True,31.0,1.0,True
61,3,1,61,True,True,41.0,1.0,True
61,4,1,61,True,True,46.0,1.0,True
61,5,1,61,True,True,49.0,1.0,True
61,6,1,61,True,True,51.0,1.0,True
61,7,1,61,True,True,35.0,1.0,True
61,8,1,61,True,True,23.0,1.0,True
61,9,1,61,True,True,34.0,1.0,True
61,10,1,61,True,True,55.0,1.0,True
61,11,1,61,True,True,50.0,1.0,True
61,12,1,61,True,True,56.0,1.0,True
61,13,1,61,True,True,47.0,1.0,True
61,14,1,61,True,True,48.0,1.0,True
61,15,1,61,True,True,57.0,1.0,True
61,16,1,61,True,True,42.0,1.0,True
61,17,1,61,True,True,18.0,1.0,True
61,18,1,61,True,True,17.0,1.0,True
61,19,1,61,True,True,45.0,1.0,True
61,20,1,61,True,True,58.0,1.0,True
61,21,1,61,True,True,32.0,1.0,True
61,22,1,61,True,True,25.0,1.0,True
61,23,1,61,True,True,8.0,1.0,True
61,24,1,61,True,True,28.0,1.0,True
61,25,1,61,True,True,22.0,1.0,True
61,26,1,61,True,True,54.0,1.0,True
61,27,1,61,True,True,52.0,1.0,True
61,28,1,61,True,True,24.0,1.0,True
61,29,1,61,True,True,40.0,1.0,True
61,30,1,61,True,True,59.0,1.0,True
61,31,1,61,True,True,2.0,1.0,True
61,32,1,61,True,True,21.0,1.0,True
61,33,1,61,True,True,37.0,1.0,True
61,34,1,61,True,True,9.0,1.0,True
61,35,1,61,True,True,7.0,1.0,True
61,36,1,61,True,True,39.0,1.0,True
61,37,1,61,True,True,33.0,1.0,True
61,38,1,61,True,True,53.0,1.0,True
61,39,1,61,True,True,36.0,1.0,True
61,40,1,61,True,True,29.0,1.0,True
61,41,1,61,True,True,3.0,1.0,True
61,42,1,61,True,True,16.0,1.0,True
61,43,1,61,True,True,44.0,1.0,True
61,44,1,61,True,True,43.0,1.0,True
61,45,1,61,True,True,19.0,1.0,True
61,46,1,61,True,True,4.0,1.0,True
61,47,1,61,True,True,13.0,1.0,True
61,48,1,61,True,True,14.0,1.0,True
61,49,1,61,True,True,5.0,1.0,True
61,50,1,61,True,True,11.0,1.0,True
61,51,1,61,True,True,6.0,1.0,True
61,52,1,61,True,True,27.0,1.0,True
61,53,1,61,True,True,38.0,1.0,True
61,54,1,61,True,True,26.0,1.0,True
61,55,1,61,True,True,10.0,1.0,True
61,56,1,61,True,True,12.0,1.0,True
61,57,1,61,True,True,15.0,1.0,True
61,58,1,61,True,True,20.0,1.0,True
61,59,1,61,True,True,30.0,1.0,True
61,60,1,61,True,True,60.0,1.0,True
62,1,1,62,True,True,1.0,1.0,True
62,2,2,31,False,False,,,False
62,3,1,62,True,True,21.0,1.0,True
62,4,2,31,False,False,,,False
62,5,1,62,True,True,25.0,1.0,True
62,6,2,31,False,False,,,False
62,7,1,62,True,True,9.0,1.0,True
62,8,2,31,False,False,,,False
62,9,1,62,True,True,7.0,1.0,True
62,10,2,31,False,False,,,False
62,11,1,62,True,True,17.0,1.0,True
62,12,2,31,False,False,,,False
62,13,1,62,True,True,43.0,1.0,True
62,14,2,31,False,False,,,False
62,15,1,62,True,True,29.0,1.0,True
62,16,2,31,False,False,,,False
62,17,1,62,True,True,11.0,1.0,True
62,18,2,31,False,False,,,False
62,19,1,62,True,True,49.0,1.0,True
62,20,2,31,False,False,,,False
62,21,1,62,True,True,3.0,1.0,True
62,22,2,31,False,False,,,False
62,23,1,62,True,True,27.0,1.0,True
62,24,2,31,False,False,,,False
62,25,1,62,True,True,5.0,1.0,True
62,26,2,31,False,False,,,False
62,27,1,62,True,True,23.0,1.0,True
62,28,2,31,False,False,,,False
62,29,1,62,True,True,15.0,1.0,True
62,30,2,31,False,False,,,False
62,31,31,2,False,False,,,False
62,32,2,31,False,False,,,False
62,33,1,62,True,True,47.0,1.0,True
62,34,2,31,False,False,,,False
62,35,1,62,True,True,39.0,1.0,True
62,36,2,31,False,False,,,False
62,37,1,62,True,True,57.0,1.0,True
62,38,2,31,False,False,,,False
62,39,1,62,True,True,35.0,1.0,True
62,40,2,31,False,False,,,False
62,41,1,62,True,True,59.0,1.0,True
62,42,2,31,False,False,,,False
62,43,1,62,True,True,13.0,1.0,True
62,44,2,31,False,False,,,False
62,45,1,62,True,True,51.0,1.0,True
62,46,2,31,False,False,,,False
62,47,1,62,True,True,33.0,1.0,True
62,48,2,31,False,False,,,False
62,49,1,62,True,True,19.0,1.0,True
62,50,2,31,False,False,,,False
62,51,1,62,True,True,45.0,1.0,True
62,52,2,31,False,False,,,False
62,53,1,62,True,True,55.0,1.0,True
62,54,2,31,False,False,,,False
62,55,1,62,True,True,53.0,1.0,True
62,56,2,31,False,False,,,False
62,57,1,62,True,True,37.0,1.0,True
62,58,2,31,False,False,,,False
62,59,1,62,True,True,41.0,1.0,True
62,60,2,31,False,False,,,False
62,61,1,62,True,True,61.0,1.0,True
63,1,1,63,True,True,1.0,1.0,True
63,2,1,63,True,True,32.0,1.0,True
63,3,3,21,False,False,,,False
63,4,1,63,True,True,16.0,1.0,True
63,5,1,63,True,True,38.0,1.0,True
63,6,3,21,False,False,,,False
63,7,7,9,False,False,,,False
63,8,1,63,True,True,8.0,1.0,True
63,9,9,7,False,False,,,False
63,10,1,63,True,True,19.0,1.0,True
63,11,1,63,True,True,23.0,1.0,True
63,12,3,21,False,False,,,False
63,13,1,63,True,True,34.0,1.0,True
63,14,7,9,False,False,,,False
63,15,3,21,False,False,,,False
63,16,1,63,True,True,4.0,1.0,True
63,17,1,63,True,True,26.0,1.0,True
63,18,9,7,False,False,,,False
63,19,1,63,True,True,10.0,1.0,True
63,20,1,63,True,True,41.0,1.0,True
63,21,21,3,False,False,,,False
63,22,1,63,True,True,43.0,1.0,True
63,23,1,63,True,True,11.0,1.0,True
63,24,3,21,False,False,,,False
63,25,1,63,True,True,58.0,1.0,True
63,26,1,63,True,True,17.0,1.0,True
63,27,9,7,False,False,,,False
63,28,7,9,False,False,,,False
63,29,1,63,True,True,50.0,1.0,True
63,30,3,21,False,False,,,False
63,31,1,63,True,True,61.0,1.0,True
63,32,1,63,True,True,2.0,1.0,True
63,33,3,21,False,False,,,False
63,34,1,63,True,True,13.0,1.0,True
63,35,7,9,False,False,,,False
63,36,9,7,False,False,,,False
63,37,1,63,True,True,46.0,1.0,True
63,38,1,63,True,True,5.0,1.0,True
63,39,3,21,False,False,,,False
63,40,1,63,True,True,52.0,1.0,True
63,41,1,63,True,True,20.0,1.0,True
63,42,21,3,False,False,,,False
63,43,1,63,True,True,22.0,1.0,True
63,44,1,63,True,True,53.0,1.0,True
63,45,9,7,False,False,,,False
63,46,1,63,True,True,37.0,1.0,True
63,47,1,63,True,True,59.0,1.0,True
63,48,3,21,False,False,,,False
63,49,7,9,False,False,,,False
63,50,1,63,True,True,29.0,1.0,True
63,51,3,21,False,False,,,False
63,52,1,63,True,True,40.0,1.0,True
63,53,1,63,True,True,44.0,1.0,True
63,54,9,7,False,False,,,False
63,55,1,63,True,True,55.0,1.0,True
63,56,7,9,False,False,,,False
63,57,3,21,False,False,,,False
63,58,1,63,True,True,25.0,1.0,True
63,59,1,63,True,True,47.0,1.0,True
63,60,3,21,False,False,,,False
63,61,1,63,True,True,31.0,1.0,True
63,62,1,63,True,True,62.0,1.0,True
64,1,1,64,True,True,1.0,1.0,True
64,2,2,32,False,False,,,False
64,3,1,64,True,True,43.0,1.0,True
64,4,4,16,False,False,,,False
64,5,1,64,True,True,13.0,1.0,True
64,6,2,32,False,False,,,False
64,7,1,64,True,True,55.0,1.0,True
64,8,8,8,False,False,,,False
64,9,1,64,True,True,57.0,1.0,True
64,10,2,32,False,False,,,False
64,11,1,64,True,True,35.0,1.0,True
64,12,4,16,False,False,,,False
64,13,1,64,True,True,5.0,1.0,True
64,14,2,32,False,False,,,False
64,15,1,64,True,True,47.0,1.0,True
64,16,16,4,False,False,,,False
64,17,1,64,True,True,49.0,1.0,True
64,18,2,32,False,False,,,False
64,19,1,64,True,True,27.0,1.0,True
64,20,4,16,False,False,,,False
64,21,1,64,True,True,61.0,1.0,True
64,22,2,32,False,False,,,False
64,23,1,64,True,True,39.0,1.0,True
64,24,8,8,False,False,,,False
64,25,1,64,True,True,41.0,1.0,True
64,26,2,32,False,False,,,False
64,27,1,64,True,True,19.0,1.0,True
64,28,4,16,False,False,,,False
64,29,1,64,True,True,53.0,1.0,True
64,30,2,32,False,False,,,False
64,31,1,64,True,True,31.0,1.0,True
64,32,32,2,False,False,,,False
64,33,1,64,True,True,33.0,1.0,True
64,34,2,32,False,False,,,False
64,35,1,64,True,True,11.0,1.0,True
64,36,4,16,False,False,,,False
64,37,1,64,True,True,45.0,1.0,True
64,38,2,32,False,False,,,False
64,39,1,64,True,True,23.0,1.0,True
64,40,8,8,False,False,,,False
64,41,1,64,True,True,25.0,1.0,True
64,42,2,32,False,False,,,False
64,43,1,64,True,True,3.0,1.0,True
64,44,4,16,False,False,,,False
64,45,1,64,True,True,37.0,1.0,True
64,46,2,32,False,False,,,False
64,47,1,64,True,True,15.0,1.0,True
64,48,16,4,False,False,,,False
64,49,1,64,True,True,17.0,1.0,True
64,50,2,32,False,False,,,False
64,51,1,64,True,True,59.0,1.0,True
64,52,4,16,False,False,,,False
64,53,1,64,True,True,29.0,1.0,True
64,54,2,32,False,False,,,False
64,55,1,64,True,True,7.0,1.0,True
64,56,8,8,False,False,,,False
64,57,1,64,True,True,9.0,1.0,True
64,58,2,32,False,False,,,False
64,59,1,64,True,True,51.0,1.0,True
64,60,4,16,False,False,,,False
64,61,1,64,True,True,21.0,1.0,True
64,62,2,32,False,False,,,False
64,63,1,64,True,True,63.0,1.0,True
65,1,1,65,True,True,1.0,1.0,True
65,2,1,65,True,True,33.0,1.0,True
65,3,1,65,True,True,22.0,1.0,True
65,4,1,65,True,True,49.0,1.0,True
65,5,5,13,False,False,,,False
65,6,1,65,True,True,11.0,1.0,True
65,7,1,65,True,True,28.0,1.0,True
65,8,1,65,True,True,57.0,1.0,True
65,9,1,65,True,True,29.0,1.0,True
65,10,5,13,False,False,,,False
65,11,1,65,True,True,6.0,1.0,True
65,12,1,65,True,True,38.0,1.0,True
65,13,13,5,False,False,,,False
65,14,1,65,True,True,14.0,1.0,True
65,15,5,13,False,False,,,False
65,16,1,65,True,True,61.0,1.0,True
65,17,1,65,True,True,23.0,1.0,True
65,18,1,65,True,True,47.0,1.0,True
65,19,1,65,True,True,24.0,1.0,True
65,20,5,13,False,False,,,False
65,21,1,65,True,True,31.0,1.0,True
65,22,1,65,True,True,3.0,1.0,True
65,23,1,65,True,True,17.0,1.0,True
65,24,1,65,True,True,19.0,1.0,True
65,25,5,13,False,False,,,False
65,26,13,5,False,False,,,False
65,27,1,65,True,True,53.0,1.0,True
65,28,1,65,True,True,7.0,1.0,True
65,29,1,65,True,True,9.0,1.0,True
65,30,5,13,False,False,,,False
65,31,1,65,True,True,21.0,1.0,True
65,32,1,65,True,True,63.0,1.0,True
65,33,1,65,True,True,2.0,1.0,True
65,34,1,65,True,True,44.0,1.0,True
65,35,5,13,False,False,,,False
65,36,1,65,True,True,56.0,1.0,True
65,37,1,65,True,True,58.0,1.0,True
65,38,1,65,True,True,12.0,1.0,True
65,39,13,5,False,False,,,False
65,40,5,13,False,False,,,False
65,41,1,65,True,True,46.0,1.0,True
65,42,1,65,True,True,48.0,1.0,True
65,43,1,65,True,True,62.0,1.0,True
65,44,1,65,True,True,34.0,1.0,True
65,45,5,13,False,False,,,False
65,46,1,65,True,True,41.0,1.0,True
65,47,1,65,True,True,18.0,1.0,True
65,48,1,65,True,True,42.0,1.0,True
65,49,1,65,True,True,4.0,1.0,True
65,50,5,13,False,False,,,False
65,51,1,65,True,True,51.0,1.0,True
65,52,13,5,False,False,,,False
65,53,1,65,True,True,27.0,1.0,True
65,54,1,65,True,True,59.0,1.0,True
65,55,5,13,False,False,,,False
65,56,1,65,True,True,36.0,1.0,True
65,57,1,65,True,True,8.0,1.0,True
65,58,1,65,True,True,37.0,1.0,True
65,59,1,65,True,True,54.0,1.0,True
65,60,5,13,False,False,,,False
65,61,1,65,True,True,16.0,1.0,True
65,62,1,65,True,True,43.0,1.0,True
65,63,1,65,True,True,32.0,1.0,True
65,64,1,65,True,True,64.0,1.0,True
66,1,1,66,True,True,1.0,1.0,True
66,2,2,33,False,False,,,False
66,3,3,22,False,False,,,False
66,4,2,33,False,False,,,False
66,5,1,66,True,True,53.0,1.0,True
66,6,6,11,False,False,,,False
66,7,1,66,True,True,19.0,1.0,True
66,8,2,33,False,False,,,False
66,9,3,22,False,False,,,False
66,10,2,33,False,False,,,False
66,11,11,6,False,False,,,False
66,12,6,11,False,False,,,False
66,13,1,66,True,True,61.0,1.0,True
66,14,2,33,False,False,,,False
66,15,3,22,False,False,,,False
66,16,2,33,False,False,,,False
66,17,1,66,True,True,35.0,1.0,True
66,18,6,11,False,False,,,False
66,19,1,66,True,True,7.0,1.0,True
66,20,2,33,False,False,,,False
66,21,3,22,False,False,,,False
66,22,22,3,False,False,,,False
66,23,1,66,True,True,23.0,1.0,True
66,24,6,11,False,False,,,False
66,25,1,66,True,True,37.0,1.0,True
66,26,2,33,False,False,,,False
66,27,3,22,False,False,,,False
66,28,2,33,False,False,,,False
66,29,1,66,True,True,41.0,1.0,True
66,30,6,11,False,False,,,False
66,31,1,66,True,True,49.0,1.0,True
66,32,2,33,False,False,,,False
66,33,33,2,False,False,,,False
66,34,2,33,False,False,,,False
66,35,1,66,True,True,17.0,1.0,True
66,36,6,11,False,False,,,False
66,37,1,66,True,True,25.0,1.0,True
66,38,2,33,False,False,,,False
66,39,3,22,False,False,,,False
66,40,2,33,False,False,,,False
66,41,1,66,True,True,29.0,1.0,True
66,42,6,11,False,False,,,False
66,43,1,66,True,True,43.0,1.0,True
66,44,22,3,False,False,,,False
66,45,3,22,False,False,,,False
66,46,2,33,False,False,,,False
66,47,1,66,True,True,59.0,1.0,True
66,48,6,11,False,False,,,False
66,49,1,66,True,True,31.0,1.0,True
66,50,2,33,False,False,,,False
66,51,3,22,False,False,,,False
66,52,2,33,False,False,,,False
66,53,1,66,True,True,5.0,1.0,True
66,54,6,11,False,False,,,False
66,55,11,6,False,False,,,False
66,56,2,33,False,False,,,False
66,57,3,22,False,False,,,False
66,58,2,33,False,False,,,False
66,59,1,66,True,True,47.0,1.0,True
66,60,6,11,False,False,,,False
66,61,1,66,True,True,13.0,1.0,True
66,62,2,33,False,False,,,False
66,63,3,22,False,False,,,False
66,64,2,33,False,False,,,False
66,65,1,66,True,True,65.0,1.0,True
67,1,1,67,True,True,1.0,1.0,True
67,2,1,67,True,True,34.0,1.0,True
67,3,1,67,True,True,45.0,1.0,True
67,4,1,67,True,True,17.0,1.0,True
67,5,1,67,True,True,27.0,1.0,True
67,6,1,67,True,True,56.0,1.0,True
67,7,1,67,True,True,48.0,1.0,True
67,8,1,67,True,True,42.0,1.0,True
67,9,1,67,True,True,15.0,1.0,True
67,10,1,67,True,True,47.0,1.0,True
67,11,1,67,True,True,61.0,1.0,True
67,12,1,67,True,True,28.0,1.0,True
67,13,1,67,True,True,31.0,1.0,True
67,14,1,67,True,True,24.0,1.0,True
67,15,1,67,True,True,9.0,1.0,True
67,16,1,67,True,True,21.0,1.0,True
67,17,1,67,True,True,4.0,1.0,True
67,18,1,67,True,True,41.0,1.0,True
67,19,1,67,True,True,60.0,1.0,True
67,20,1,67,True,True,57.0,1.0,True
67,21,1,67,True,True,16.0,1.0,True
67,22,1,67,True,True,64.0,1.0,True
67,23,1,67,True,True,35.0,1.0,True
67,24,1,67,True,True,14.0,1.0,True
67,25,1,67,True,True,59.0,1.0,True
67,26,1,67,True,True,49.0,1.0,True
67,27,1,67,True,True,5.0,1.0,True
67,28,1,67,True,True,12.0,1.0,True
67,29,1,67,True,True,37.0,1.0,True
67,30,1,67,True,True,38.0,1.0,True
67,31,1,67,True,True,13.0,1.0,True
67,32,1,67,True,True,44.0,1.0,True
67,33,1,67,True,True,65.0,1.0,True
67,34,1,67,True,True,2.0,1.0,True
67,35,1,67,True,True,23.0,1.0,True
67,36,1,67,True,True,54.0,1.0,True
67,37,1,67,True,True,29.0,1.0,True
67,38,1,67,True,True,30.0,1.0,True
67,39,1,67,True,True,55.0,1.0,True
67,40,1,67,True,True,62.0,1.0,True
67,41,1,67,True,True,18.0,1.0,True
67,42,1,67,True,True,8.0,1.0,True
67,43,1,67,True,True,53.0,1.0,True
67,44,1,67,True,True,32.0,1.0,True
67,45,1,67,True,True,3.0,1.0,True
67,46,1,67,True,True,51.0,1.0,True
67,47,1,67,True,True,10.0,1.0,True
67,48,1,67,True,True,7.0,1.0,True
67,49,1,67,True,True,26.0,1.0,True
67,50,1,67,True,True,63.0,1.0,True
67,51,1,67,True,True,46.0,1.0,True
67,52,1,67,True,True,58.0,1.0,True
67,53,1,67,True,True,43.0,1.0,True
67,54,1,67,True,True,36.0,1.0,True
67,55,1,67,True,True,39.0,1.0,True
67,56,1,67,True,True,6.0,1.0,True
67,57,1,67,True,True,20.0,1.0,True
67,58,1,67,True,True,52.0,1.0,True
67,59,1,67,True,True,25.0,1.0,True
67,60,1,67,True,True,19.0,1.0,True
67,61,1,67,True,True,11.0,1.0,True
67,62,1,67,True,True,40.0,1.0,True
67,63,1,67,True,True,50.0,1.0,True
67,64,1,67,True,True,22.0,1.0,True
67,65,1,67,True,True,33.0,1.0,True
67,66,1,67,True,True,66.0,1.0,True
68,1,1,68,True,True,1.0,1.0,True
68,2,2,34,False,False,,,False
68,3,1,68,True,True,23.0,1.0,True
68,4,4,17,False,False,,,False
68,5,1,68,True,True,41.0,1.0,True
68,6,2,34,False,False,,,False
68,7,1,68,True,True,39.0,1.0,True
68,8,4,17,False,False,,,False
68,9,1,68,True,True,53.0,1.0,True
68,10,2,34,False,False,,,False
68,11,1,68,True,True,31.0,1.0,True
68,12,4,17,False,False,,,False
68,13,1,68,True,True,21.0,1.0,True
68,14,2,34,False,False,,,False
68,15,1,68,True,True,59.0,1.0,True
68,16,4,17,False,False,,,False
68,17,17,4,False,False,,,False
68,18,2,34,False,False,,,False
68,19,1,68,True,True,43.0,1.0,True
68,20,4,17,False,False,,,False
68,21,1,68,True,True,13.0,1.0,True
68,22,2,34,False,False,,,False
68,23,1,68,True,True,3.0,1.0,True
68,24,4,17,False,False,,,False
68,25,1,68,True,True,49.0,1.0,True
68,26,2,34,False,False,,,False
68,27,1,68,True,True,63.0,1.0,True
68,28,4,17,False,False,,,False
68,29,1,68,True,True,61.0,1.0,True
68,30,2,34,False,False,,,False
68,31,1,68,True,True,11.0,1.0,True
68,32,4,17,False,False,,,False
68,33,1,68,True,True,33.0,1.0,True
68,34,34,2,False,False,,,False
68,35,1,68,True,True,35.0,1.0,True
68,36,4,17,False,False,,,False
68,37,1,68,True,True,57.0,1.0,True
68,38,2,34,False,False,,,False
68,39,1,68,True,True,7.0,1.0,True
68,40,4,17,False,False,,,False
68,41,1,68,True,True,5.0,1.0,True
68,42,2,34,False,False,,,False
68,43,1,68,True,True,19.0,1.0,True
68,44,4,17,False,False,,,False
68,45,1,68,True,True,65.0,1.0,True
68,46,2,34,False,False,,,False
68,47,1,68,True,True,55.0,1.0,True
68,48,4,17,False,False,,,False
68,49,1,68,True,True,25.0,1.0,True
68,50,2,34,False,False,,,False
68,51,17,4,False,False,,,False
68,52,4,17,False,False,,,False
68,53,1,68,True,True,9.0,1.0,True
68,54,2,34,False,False,,,False
68,55,1,68,True,True,47.0,1.0,True
68,56,4,17,False,False,,,False
68,57,1,68,True,True,37.0,1.0,True
68,58,2,34,False,False,,,False
68,59,1,68,True,True,15.0,1.0,True
68,60,4,17,False,False,,,False
68,61,1,68,True,True,29.0,1.0,True
68,62,2,34,False,False,,,False
68,63,1,68,True,True,27.0,1.0,True
68,64,4,17,False,False,,,False
68,65,1,68,True,True,45.0,1.0,True
68,66,2,34,False,False,,,False
68,67,1,68,True,True,67.0,1.0,True
69,1,1,69,True,True,1.0,1.0,True
69,2,1,69,True,True,35.0,1.0,True
69,3,3,23,False,False,,,False
69,4,1,69,True,True,52.0,1.0,True
69,5,1,69,True,True,14.0,1.0,True
69,6,3,23,False,False,,,False
69,7,1,69,True,True,10.0,1.0,True
69,8,1,69,True,True,26.0,1.0,True
69,9,3,23,False,False,,,False
69,10,1,69,True,True,7.0,1.0,True
69,11,1,69,True,True,44.0,1.0,True
69,12,3,23,False,False,,,False
69,13,1,69,True,True,16.0,1.0,True
69,14,1,69,True,True,5.0,1.0,True
69,15,3,23,False,False,,,False
69,16,1,69,True,True,13.0,1.0,True
69,17,1,69,True,True,65.0,1.0,True
69,18,3,23,False,False,,,False
69,19,1,69,True,True,40.0,1.0,True
69,20,1,69,True,True,38.0,1.0,True
69,21,3,23,False,False,,,False
69,22,1,69,True,True,22.0,1.0,True
69,23,23,3,False,False,,,False
69,24,3,23,False,False,,,False
69,25,1,69,True,True,58.0,1.0,True
69,26,1,69,True,True,8.0,1.0,True
69,27,3,23,False,False,,,False
69,28,1,69,True,True,37.0,1.0,True
69,29,1,69,True,True,50.0,1.0,True
69,30,3,23,False,False,,,False
69,31,1,69,True,True,49.0,1.0,True
69,32,1,69,True,True,41.0,1.0,True
69,33,3,23,False,False,,,False
69,34,1,69,True,True,67.0,1.0,True
69,35,1,69,True,True,2.0,1.0,True
69,36,3,23,False,False,,,False
69,37,1,69,True,True,28.0,1.0,True
69,38,1,69,True,True,20.0,1.0,True
69,39,3,23,False,False,,,False
69,40,1,69,True,True,19.0,1.0,True
69,41,1,69,True,True,32.0,1.0,True
69,42,3,23,False,False,,,False
69,43,1,69,True,True,61.0,1.0,True
69,44,1,69,True,True,11.0,1.0,True
69,45,3,23,False,False,,,False
69,46,23,3,False,False,,,False
69,47,1,69,True,True,47.0,1.0,True
69,48,3,23,False,False,,,False
69,49,1,69,True,True,31.0,1.0,True
69,50,1,69,True,True,29.0,1.0,True
69,51,3,23,False,False,,,False
69,52,1,69,True,True,4.0,1.0,True
69,53,1,69,True,True,56.0,1.0,True
69,54,3,23,False,False,,,False
69,55,1,69,True,True,64.0,1.0,True
69,56,1,69,True,True,53.0,1.0,True
69,57,3,23,False,False,,,False
69,58,1,69,True,True,25.0,1.0,True
69,59,1,69,True,True,62.0,1.0,True
69,60,3,23,False,False,,,False
69,61,1,69,True,True,43.0,1.0,True
69,62,1,69,True,True,59.0,1.0,True
69,63,3,23,False,False,,,False
69,64,1,69,True,True,55.0,1.0,True
69,65,1,69,True,True,17.0,1.0,True
69,66,3,23,False,False,,,False
69,67,1,69,True,True,34.0,1.0,True
69,68,1,69,True,True,68.0,1.0,True
70,1,1,70,True,True,1.0,1.0,True
70,2,2,35,False,False,,,False
70,3,1,70,True,True,47.0,1.0,True
70,4,2,35,False,False,,,False
70,5,5,14,False,False,,,False
70,6,2,35,False,False,,,False
70,7,7,10,False,False,,,False
70,8,2,35,False,False,,,False
70,9,1,70,True,True,39.0,1.0,True
70,10,10,7,False,False,,,False
70,11,1,70,True,True,51.0,1.0,True
70,12,2,35,False,False,,,False
70,13,1,70,True,True,27.0,1.0,True
70,14,14,5,False,False,,,False
70,15,5,14,False,False,,,False
70,16,2,35,False,False,,,False
70,17,1,70,True,True,33.0,1.0,True
70,18,2,35,False,False,,,False
70,19,1,70,True,True,59.0,1.0,True
70,20,10,7,False,False,,,False
70,21,7,10,False,False,,,False
70,22,2,35,False,False,,,False
70,23,1,70,True,True,67.0,1.0,True
70,24,2,35,False,False,,,False
70,25,5,14,False,False,,,False
70,26,2,35,False,False,,,False
70,27,1,70,True,True,13.0,1.0,True
70,28,14,5,False,False,,,False
70,29,1,70,True,True,29.0,1.0,True
70,30,10,7,False,False,,,False
70,31,1,70,True,True,61.0,1.0,True
70,32,2,35,False,False,,,False
70,33,1,70,True,True,17.0,1.0,True
70,34,2,35,False,False,,,False
70,35,35,2,False,False,,,False
70,36,2,35,False,False,,,False
70,37,1,70,True,True,53.0,1.0,True
70,38,2,35,False,False,,,False
70,39,1,70,True,True,9.0,1.0,True
70,40,10,7,False,False,,,False
70,41,1,70,True,True,41.0,1.0,True
70,42,14,5,False,False,,,False
70,43,1,70,True,True,57.0,1.0,True
70,44,2,35,False,False,,,False
70,45,5,14,False,False,,,False
70,46,2,35,False,False,,,False
70,47,1,70,True,True,3.0,1.0,True
70,48,2,35,False,False,,,False
70,49,7,10,False,False,,,False
70,50,10,7,False,False,,,False
70,51,1,70,True,True,11.0,1.0,True
70,52,2,35,False,False,,,False
70,53,1,70,True,True,37.0,1.0,True
70,54,2,35,False,False,,,False
70,55,5,14,False,False,,,False
70,56,14,5,False,False,,,False
70,57,1,70,True,True,43.0,1.0,True
70,58,2,35,False,False,,,False
70,59,1,70,True,True,19.0,1.0,True
70,60,10,7,False,False,,,False
70,61,1,70,True,True,31.0,1.0,True
70,62,2,35,False,False,,,False
70,63,7,10,False,False,,,False
70,64,2,35,False,False,,,False
70,65,5,14,False,False,,,False
70,66,2,35,False,False,,,False
70,67,1,70,True,True,23.0,1.0,True
70,68,2,35,False,False,,,False
70,69,1,70,True,True,69.0,1.0,True
71,1,1,71,True,True,1.0,1.0,True
71,2,1,71,True,True,36.0,1.0,True
71,3,1,71,True,True,24.0,1.0,True
71,4,1,71,True,True,18.0,1.0,True
71,5,1,71,True,True,57.0,1.0,True
71,6,1,71,True,True,12.0,1.0,True
71,7,1,71,True,True,61.0,1.0,True
71,8,1,71,True,True,9.0,1.0,True
71,9,1,71,True,True,8.0,1.0,True
71,10,1,71,True,True,64.0,1.0,True
71,11,1,71,True,True,13.0,1.0,True
71,12,1,71,True,True,6.0,1.0,True
71,13,1,71,True,True,11.0,1.0,True
71,14,1,71,True,True,66.0,1.0,True
71,15,1,71,True,True,19.0,1.0,True
71,16,1,71,True,True,40.0,1.0,True
71,17,1,71,True,True,46.0,1.0,True
71,18,1,71,True,True,4.0,1.0,True
71,19,1,71,True,True,15.0,1.0,True
71,20,1,71,True,True,32.0,1.0,True
71,21,1,71,True,True,44.0,1.0,True
71,22,1,71,True,True,42.0,1.0,True
71,23,1,71,True,True,34.0,1.0,True
71,24,1,71,True,True,3.0,1.0,True
71,25,1,71,True,True,54.0,1.0,True
71,26,1,71,True,True,41.0,1.0,True
71,27,1,71,True,True,50.0,1.0,True
71,28,1,71,True,True,33.0,1.0,True
71,29,1,71,True,True,49.0,1.0,True
71,30,1,71,True,True,45.0,1.0,True
71,31,1,71,True,True,55.0,1.0,True
71,32,1,71,True,True,20.0,1.0,True
71,33,1,71,True,True,28.0,1.0,True
71,34,1,71,True,True,23.0,1.0,True
71,35,1,71,True,True,69.0,1.0,True
71,36,1,71,True,True,2.0,1.0,True
71,37,1,71,True,True,48.0,1.0,True
71,38,1,71,True,True,43.0,1.0,True
71,39,1,71,True,True,51.0,1.0,True
71,40,1,71,True,True,16.0,1.0,True
71,41,1,71,True,True,26.0,1.0,True
71,42,1,71,True,True,22.0,1.0,True
71,43,1,71,True,True,38.0,1.0,True
71,44,1,71,True,True,21.0,1.0,True
71,45,1,71,True,True,30.0,1.0,True
71,46,1,71,True,True,17.0,1.0,True
71,47,1,71,True,True,68.0,1.0,True
71,48,1,71,True,True,37.0,1.0,True
71,49,1,71,True,True,29.0,1.0,True
71,50,1,71,True,True,27.0,1.0,True
71,51,1,71,True,True,39.0,1.0,True
71,52,1,71,True,True,56.0,1.0,True
71,53,1,71,True,True,67.0,1.0,True
71,54,1,71,True,True,25.0,1.0,True
71,55,1,71,True,True,31.0,1.0,True
71,56,1,71,True,True,52.0,1.0,True
71,57,1,71,True,True,5.0,1.0,True
71,58,1,71,True,True,60.0,1.0,True
71,59,1,71,True,True,65.0,1.0,True
71,60,1,71,True,True,58.0,1.0,True
71,61,1,71,True,True,7.0,1.0,True
71,62,1,71,True,True,63.0,1.0,True
71,63,1,71,True,True,62.0,1.0,True
71,64,1,71,True,True,10.0,1.0,True
71,65,1,71,True,True,59.0,1.0,True
71,66,1,71,True,True,14.0,1.0,True
71,67,1,71,True,True,53.0,1.0,True
71,68,1,71,True,True,47.0,1.0,True
71,69,1,71,True,True,35.0,1.0,True
71,70,1,71,True,True,70.0,1.0,True
72,1,1,72,True,True,1.0,1.0,True
72,2,2,36,False,False,,,False
72,3,3,24,False,False,,,False
72,4,4,18,False,False,,,False
72,5,1,72,True,True,29.0,1.0,True
72,6,6,12,False,False,,,False
72,7,1,72,True,True,31.0,1.0,True
72,8,8,9,False,False,,,False
72,9,9,8,False,False,,,False
72,10,2,36,False,False,,,False
72,11,1,72,True,True,59.0,1.0,True
72,12,12,6,False,False,,,False
72,13,1,72,True,True,61.0,1.0,True
72,14,2,36,False,False,,,False
72,15,3,24,False,False,,,False
72,16,8,9,False,False,,,False
72,17,1,72,True,True,17.0,1.0,True
72,18,18,4,False,False,,,False
72,19,1,72,True,True,19.0,1.0,True
72,20,4,18,False,False,,,False
72,21,3,24,False,False,,,False
72,22,2,36,False,False,,,False
72,23,1,72,True,True,47.0,1.0,True
72,24,24,3,False,False,,,False
72,25,1,72,True,True,49.0,1.0,True
72,26,2,36,False,False,,,False
72,27,9,8,False,False,,,False
72,28,4,18,False,False,,,False
72,29,1,72,True,True,5.0,1.0,True
72,30,6,12,False,False,,,False
72,31,1,72,True,True,7.0,1.0,True
72,32,8,9,False,False,,,False
72,33,3,24,False,False,,,False
72,34,2,36,False,False,,,False
72,35,1,72,True,True,35.0,1.0,True
72,36,36,2,False,False,,,False
72,37,1,72,True,True,37.0,1.0,True
72,38,2,36,False,False,,,False
72,39,3,24,False,False,,,False
72,40,8,9,False,False,,,False
72,41,1,72,True,True,65.0,1.0,True
72,42,6,12,False,False,,,False
72,43,1,72,True,True,67.0,1.0,True
72,44,4,18,False,False,,,False
72,45,9,8,False,False,,,False
72,46,2,36,False,False,,,False
72,47,1,72,True,True,23.0,1.0,True
72,48,24,3,False,False,,,False
72,49,1,72,True,True,25.0,1.0,True
72,50,2,36,False,False,,,False
72,51,3,24,False,False,,,False
72,52,4,18,False,False,,,False
72,53,1,72,True,True,53.0,1.0,True
72,54,18,4,False,False,,,False
72,55,1,72,True,True,55.0,1.0,True
72,56,8,9,False,False,,,False
72,57,3,24,False,False,,,False
72,58,2,36,False,False,,,False
72,59,1,72,True,True,11.0,1.0,True
72,60,12,6,False,False,,,False
72,61,1,72,True,True,13.0,1.0,True
72,62,2,36,False,False,,,False
72,63,9,8,False,False,,,False
72,64,8,9,False,False,,,False
72,65,1,72,True,True,41.0,1.0,True
72,66,6,12,False,False,,,False
72,67,1,72,True,True,43.0,1.0,True
72,68,4,18,False,False,,,False
72,69,3,24,False,False,,,False
72,70,2,36,False,False,,,False
72,71,1,72,True,True,71.0,1.0,True
